Plant #,Treatment,Germinant #,Germination Day,Block
1,NC->FL,1,0,1
1,NC->FL,2,0,1
1,NC->FL,3,0,1
1,NC->FL,4,0,1
1,NC->FL,5,0,1
1,NC->FL,6,0,1
1,NC->FL,7,29,1
1,NC->FL,8,0,1
1,NC->FL,9,34,1
1,NC->FL,10,0,1
1,NC->FL,11,0,1
1,NC->FL,12,0,1
1,NC->FL,13,31,1
1,NC->FL,14,0,1
1,NC->FL,15,20,1
1,NC->FL,16,22,1
1,NC->FL,17,26,1
1,NC->FL,18,27,1
1,NC->FL,19,0,1
1,NC->FL,20,0,1
2,CON->NC,1,0,1
2,CON->NC,2,0,1
2,CON->NC,3,0,1
2,CON->NC,4,0,1
2,CON->NC,5,0,1
2,CON->NC,6,0,1
2,CON->NC,7,35,1
2,CON->NC,8,0,1
2,CON->NC,9,0,1
2,CON->NC,10,0,1
2,CON->NC,11,0,1
2,CON->NC,12,0,1
2,CON->NC,13,0,1
2,CON->NC,14,0,1
2,CON->NC,15,0,1
2,CON->NC,16,0,1
2,CON->NC,17,22,1
2,CON->NC,18,0,1
2,CON->NC,19,0,1
2,CON->NC,20,0,1
3,FL->FL,1,26,1
3,FL->FL,2,0,1
3,FL->FL,3,0,1
3,FL->FL,4,0,1
3,FL->FL,5,32,1
3,FL->FL,6,0,1
3,FL->FL,7,19,1
3,FL->FL,8,0,1
3,FL->FL,9,0,1
3,FL->FL,10,0,1
3,FL->FL,11,32,1
3,FL->FL,12,0,1
3,FL->FL,13,0,1
3,FL->FL,14,0,1
3,FL->FL,15,0,1
3,FL->FL,16,0,1
3,FL->FL,17,0,1
3,FL->FL,18,0,1
3,FL->FL,19,0,1
3,FL->FL,20,0,1
4,CON->FL,1,19,1
4,CON->FL,2,0,1
4,CON->FL,3,19,1
4,CON->FL,4,0,1
4,CON->FL,5,0,1
4,CON->FL,6,0,1
4,CON->FL,7,19,1
4,CON->FL,8,0,1
4,CON->FL,9,19,1
4,CON->FL,10,19,1
4,CON->FL,11,19,1
4,CON->FL,12,0,1
4,CON->FL,13,19,1
4,CON->FL,14,0,1
4,CON->FL,15,19,1
4,CON->FL,16,22,1
4,CON->FL,17,0,1
4,CON->FL,18,0,1
4,CON->FL,19,0,1
4,CON->FL,20,0,1
5,CON->FL,1,19,2
5,CON->FL,2,0,2
5,CON->FL,3,0,2
5,CON->FL,4,0,2
5,CON->FL,5,22,2
5,CON->FL,6,0,2
5,CON->FL,7,20,2
5,CON->FL,8,0,2
5,CON->FL,9,19,2
5,CON->FL,10,19,2
5,CON->FL,11,19,2
5,CON->FL,12,19,2
5,CON->FL,13,19,2
5,CON->FL,14,19,2
5,CON->FL,15,0,2
5,CON->FL,16,0,2
5,CON->FL,17,19,2
5,CON->FL,18,0,2
5,CON->FL,19,19,2
5,CON->FL,20,0,2
6,FL->FL,1,22,2
6,FL->FL,2,0,2
6,FL->FL,3,19,2
6,FL->FL,4,22,2
6,FL->FL,5,0,2
6,FL->FL,6,0,2
6,FL->FL,7,19,2
6,FL->FL,8,0,2
6,FL->FL,9,0,2
6,FL->FL,10,0,2
6,FL->FL,11,19,2
6,FL->FL,12,19,2
6,FL->FL,13,19,2
6,FL->FL,14,19,2
6,FL->FL,15,19,2
6,FL->FL,16,19,2
6,FL->FL,17,0,2
6,FL->FL,18,0,2
6,FL->FL,19,19,2
6,FL->FL,20,19,2
7,CON->NC,1,0,2
7,CON->NC,2,0,2
7,CON->NC,3,0,2
7,CON->NC,4,0,2
7,CON->NC,5,0,2
7,CON->NC,6,0,2
7,CON->NC,7,22,2
7,CON->NC,8,0,2
7,CON->NC,9,19,2
7,CON->NC,10,0,2
7,CON->NC,11,24,2
7,CON->NC,12,31,2
7,CON->NC,13,22,2
7,CON->NC,14,22,2
7,CON->NC,15,0,2
7,CON->NC,16,0,2
7,CON->NC,17,20,2
7,CON->NC,18,0,2
7,CON->NC,19,0,2
7,CON->NC,20,0,2
8,CON->NC,1,24,3
8,CON->NC,2,0,3
8,CON->NC,3,0,3
8,CON->NC,4,0,3
8,CON->NC,5,0,3
8,CON->NC,6,0,3
8,CON->NC,7,20,3
8,CON->NC,8,0,3
8,CON->NC,9,0,3
8,CON->NC,10,0,3
8,CON->NC,11,19,3
8,CON->NC,12,26,3
8,CON->NC,13,24,3
8,CON->NC,14,0,3
8,CON->NC,15,19,3
8,CON->NC,16,0,3
8,CON->NC,17,0,3
8,CON->NC,18,0,3
8,CON->NC,19,20,3
8,CON->NC,20,0,3
9,CON->NC,1,0,4
9,CON->NC,2,0,4
9,CON->NC,3,0,4
9,CON->NC,4,0,4
9,CON->NC,5,0,4
9,CON->NC,6,0,4
9,CON->NC,7,0,4
9,CON->NC,8,0,4
9,CON->NC,9,0,4
9,CON->NC,10,0,4
9,CON->NC,11,0,4
9,CON->NC,12,0,4
9,CON->NC,13,0,4
9,CON->NC,14,0,4
9,CON->NC,15,0,4
9,CON->NC,16,0,4
9,CON->NC,17,29,4
9,CON->NC,18,33,4
9,CON->NC,19,0,4
9,CON->NC,20,0,4
10,FL->FL,1,13,3
10,FL->FL,2,0,3
10,FL->FL,3,0,3
10,FL->FL,4,0,3
10,FL->FL,5,0,3
10,FL->FL,6,0,3
10,FL->FL,7,19,3
10,FL->FL,8,24,3
10,FL->FL,9,19,3
10,FL->FL,10,24,3
10,FL->FL,11,19,3
10,FL->FL,12,19,3
10,FL->FL,13,19,3
10,FL->FL,14,0,3
10,FL->FL,15,25,3
10,FL->FL,16,0,3
10,FL->FL,17,0,3
10,FL->FL,18,0,3
10,FL->FL,19,19,3
10,FL->FL,20,0,3
11,NC->NC,1,19,1
11,NC->NC,2,19,1
11,NC->NC,3,24,1
11,NC->NC,4,0,1
11,NC->NC,5,0,1
11,NC->NC,6,0,1
11,NC->NC,7,36,1
11,NC->NC,8,0,1
11,NC->NC,9,29,1
11,NC->NC,10,0,1
11,NC->NC,11,37,1
11,NC->NC,12,0,1
11,NC->NC,13,37,1
11,NC->NC,14,0,1
11,NC->NC,15,0,1
11,NC->NC,16,0,1
11,NC->NC,17,28,1
11,NC->NC,18,0,1
11,NC->NC,19,0,1
11,NC->NC,20,0,1
12,FL->FL,1,0,4
12,FL->FL,2,0,4
12,FL->FL,3,0,4
12,FL->FL,4,0,4
12,FL->FL,5,0,4
12,FL->FL,6,0,4
12,FL->FL,7,36,4
12,FL->FL,8,0,4
12,FL->FL,9,37,4
12,FL->FL,10,38,4
12,FL->FL,11,19,4
12,FL->FL,12,22,4
12,FL->FL,13,0,4
12,FL->FL,14,0,4
12,FL->FL,15,27,4
12,FL->FL,16,0,4
12,FL->FL,17,0,4
12,FL->FL,18,0,4
12,FL->FL,19,29,4
12,FL->FL,20,0,4
13,FL->FL,1,36,5
13,FL->FL,2,0,5
13,FL->FL,3,0,5
13,FL->FL,4,0,5
13,FL->FL,5,12,5
13,FL->FL,6,0,5
13,FL->FL,7,12,5
13,FL->FL,8,0,5
13,FL->FL,9,19,5
13,FL->FL,10,0,5
13,FL->FL,11,19,5
13,FL->FL,12,0,5
13,FL->FL,13,0,5
13,FL->FL,14,0,5
13,FL->FL,15,0,5
13,FL->FL,16,0,5
13,FL->FL,17,13,5
13,FL->FL,18,0,5
13,FL->FL,19,13,5
13,FL->FL,20,19,5
14,NC->FL,1,0,2
14,NC->FL,2,0,2
14,NC->FL,3,0,2
14,NC->FL,4,0,2
14,NC->FL,5,0,2
14,NC->FL,6,0,2
14,NC->FL,7,24,2
14,NC->FL,8,0,2
14,NC->FL,9,0,2
14,NC->FL,10,0,2
14,NC->FL,11,0,2
14,NC->FL,12,0,2
14,NC->FL,13,22,2
14,NC->FL,14,0,2
14,NC->FL,15,0,2
14,NC->FL,16,0,2
14,NC->FL,17,19,2
14,NC->FL,18,22,2
14,NC->FL,19,19,2
14,NC->FL,20,19,2
15,NC->NC,1,0,2
15,NC->NC,2,0,2
15,NC->NC,3,36,2
15,NC->NC,4,0,2
15,NC->NC,5,0,2
15,NC->NC,6,0,2
15,NC->NC,7,31,2
15,NC->NC,8,0,2
15,NC->NC,9,0,2
15,NC->NC,10,0,2
15,NC->NC,11,0,2
15,NC->NC,12,0,2
15,NC->NC,13,33,2
15,NC->NC,14,0,2
15,NC->NC,15,0,2
15,NC->NC,16,0,2
15,NC->NC,17,0,2
15,NC->NC,18,0,2
15,NC->NC,19,0,2
15,NC->NC,20,0,2
16,NC->FL,1,28,3
16,NC->FL,2,0,3
16,NC->FL,3,14,3
16,NC->FL,4,37,3
16,NC->FL,5,0,3
16,NC->FL,6,0,3
16,NC->FL,7,22,3
16,NC->FL,8,0,3
16,NC->FL,9,20,3
16,NC->FL,10,31,3
16,NC->FL,11,31,3
16,NC->FL,12,0,3
16,NC->FL,13,0,3
16,NC->FL,14,0,3
16,NC->FL,15,19,3
16,NC->FL,16,0,3
16,NC->FL,17,22,3
16,NC->FL,18,0,3
16,NC->FL,19,29,3
16,NC->FL,20,39,3
17,NC->FL,1,19,4
17,NC->FL,2,0,4
17,NC->FL,3,0,4
17,NC->FL,4,0,4
17,NC->FL,5,19,4
17,NC->FL,6,0,4
17,NC->FL,7,19,4
17,NC->FL,8,34,4
17,NC->FL,9,19,4
17,NC->FL,10,19,4
17,NC->FL,11,19,4
17,NC->FL,12,19,4
17,NC->FL,13,24,4
17,NC->FL,14,0,4
17,NC->FL,15,19,4
17,NC->FL,16,19,4
17,NC->FL,17,20,4
17,NC->FL,18,0,4
17,NC->FL,19,36,4
17,NC->FL,20,0,4
18,FL->NC,1,0,1
18,FL->NC,2,0,1
18,FL->NC,3,34,1
18,FL->NC,4,0,1
18,FL->NC,5,0,1
18,FL->NC,6,0,1
18,FL->NC,7,30,1
18,FL->NC,8,0,1
18,FL->NC,9,31,1
18,FL->NC,10,0,1
18,FL->NC,11,33,1
18,FL->NC,12,0,1
18,FL->NC,13,0,1
18,FL->NC,14,0,1
18,FL->NC,15,20,1
18,FL->NC,16,0,1
18,FL->NC,17,0,1
18,FL->NC,18,0,1
18,FL->NC,19,29,1
18,FL->NC,20,0,1
19,FL->NC,1,0,2
19,FL->NC,2,0,2
19,FL->NC,3,19,2
19,FL->NC,4,0,2
19,FL->NC,5,19,2
19,FL->NC,6,0,2
19,FL->NC,7,0,2
19,FL->NC,8,0,2
19,FL->NC,9,0,2
19,FL->NC,10,0,2
19,FL->NC,11,0,2
19,FL->NC,12,0,2
19,FL->NC,13,39,2
19,FL->NC,14,0,2
19,FL->NC,15,0,2
19,FL->NC,16,0,2
19,FL->NC,17,0,2
19,FL->NC,18,0,2
19,FL->NC,19,30,2
19,FL->NC,20,0,2
20,FL->NC,1,0,3
20,FL->NC,2,0,3
20,FL->NC,3,28,3
20,FL->NC,4,0,3
20,FL->NC,5,20,3
20,FL->NC,6,27,3
20,FL->NC,7,27,3
20,FL->NC,8,0,3
20,FL->NC,9,20,3
20,FL->NC,10,0,3
20,FL->NC,11,0,3
20,FL->NC,12,0,3
20,FL->NC,13,0,3
20,FL->NC,14,0,3
20,FL->NC,15,0,3
20,FL->NC,16,0,3
20,FL->NC,17,12,3
20,FL->NC,18,0,3
20,FL->NC,19,0,3
20,FL->NC,20,0,3
21,NC->FL,1,0,5
21,NC->FL,2,0,5
21,NC->FL,3,32,5
21,NC->FL,4,0,5
21,NC->FL,5,0,5
21,NC->FL,6,0,5
21,NC->FL,7,30,5
21,NC->FL,8,30,5
21,NC->FL,9,19,5
21,NC->FL,10,19,5
21,NC->FL,11,0,5
21,NC->FL,12,0,5
21,NC->FL,13,0,5
21,NC->FL,14,0,5
21,NC->FL,15,0,5
21,NC->FL,16,0,5
21,NC->FL,17,31,5
21,NC->FL,18,0,5
21,NC->FL,19,19,5
21,NC->FL,20,19,5
22,NC->FL,1,0,6
22,NC->FL,2,0,6
22,NC->FL,3,0,6
22,NC->FL,4,0,6
22,NC->FL,5,0,6
22,NC->FL,6,0,6
22,NC->FL,7,0,6
22,NC->FL,8,0,6
22,NC->FL,9,26,6
22,NC->FL,10,27,6
22,NC->FL,11,0,6
22,NC->FL,12,0,6
22,NC->FL,13,26,6
22,NC->FL,14,0,6
22,NC->FL,15,0,6
22,NC->FL,16,0,6
22,NC->FL,17,12,6
22,NC->FL,18,0,6
22,NC->FL,19,0,6
22,NC->FL,20,0,6
23,FL->NC,1,0,4
23,FL->NC,2,0,4
23,FL->NC,3,0,4
23,FL->NC,4,0,4
23,FL->NC,5,36,4
23,FL->NC,6,0,4
23,FL->NC,7,0,4
23,FL->NC,8,0,4
23,FL->NC,9,0,4
23,FL->NC,10,0,4
23,FL->NC,11,0,4
23,FL->NC,12,0,4
23,FL->NC,13,0,4
23,FL->NC,14,0,4
23,FL->NC,15,0,4
23,FL->NC,16,0,4
23,FL->NC,17,0,4
23,FL->NC,18,0,4
23,FL->NC,19,0,4
23,FL->NC,20,0,4
24,NC->NC,1,0,3
24,NC->NC,2,0,3
24,NC->NC,3,0,3
24,NC->NC,4,0,3
24,NC->NC,5,19,3
24,NC->NC,6,22,3
24,NC->NC,7,0,3
24,NC->NC,8,0,3
24,NC->NC,9,0,3
24,NC->NC,10,0,3
24,NC->NC,11,19,3
24,NC->NC,12,0,3
24,NC->NC,13,0,3
24,NC->NC,14,0,3
24,NC->NC,15,12,3
24,NC->NC,16,0,3
24,NC->NC,17,0,3
24,NC->NC,18,0,3
24,NC->NC,19,13,3
24,NC->NC,20,0,3
25,FL->NC,1,12,5
25,FL->NC,2,22,5
25,FL->NC,3,28,5
25,FL->NC,4,0,5
25,FL->NC,5,13,5
25,FL->NC,6,19,5
25,FL->NC,7,22,5
25,FL->NC,8,0,5
25,FL->NC,9,0,5
25,FL->NC,10,0,5
25,FL->NC,11,0,5
25,FL->NC,12,0,5
25,FL->NC,13,0,5
25,FL->NC,14,0,5
25,FL->NC,15,19,5
25,FL->NC,16,0,5
25,FL->NC,17,20,5
25,FL->NC,18,0,5
25,FL->NC,19,25,5
25,FL->NC,20,0,5
26,FL->NC,1,0,6
26,FL->NC,2,0,6
26,FL->NC,3,0,6
26,FL->NC,4,0,6
26,FL->NC,5,0,6
26,FL->NC,6,0,6
26,FL->NC,7,0,6
26,FL->NC,8,0,6
26,FL->NC,9,22,6
26,FL->NC,10,0,6
26,FL->NC,11,0,6
26,FL->NC,12,0,6
26,FL->NC,13,13,6
26,FL->NC,14,0,6
26,FL->NC,15,13,6
26,FL->NC,16,0,6
26,FL->NC,17,34,6
26,FL->NC,18,0,6
26,FL->NC,19,0,6
26,FL->NC,20,0,6
27,CON->NC,1,0,5
27,CON->NC,2,0,5
27,CON->NC,3,0,5
27,CON->NC,4,0,5
27,CON->NC,5,32,5
27,CON->NC,6,0,5
27,CON->NC,7,30,5
27,CON->NC,8,0,5
27,CON->NC,9,0,5
27,CON->NC,10,0,5
27,CON->NC,11,0,5
27,CON->NC,12,0,5
27,CON->NC,13,0,5
27,CON->NC,14,0,5
27,CON->NC,15,0,5
27,CON->NC,16,0,5
27,CON->NC,17,24,5
27,CON->NC,18,0,5
27,CON->NC,19,0,5
27,CON->NC,20,0,5
28,FL->FL,1,20,6
28,FL->FL,2,22,6
28,FL->FL,3,0,6
28,FL->FL,4,0,6
28,FL->FL,5,0,6
28,FL->FL,6,0,6
28,FL->FL,7,0,6
28,FL->FL,8,0,6
28,FL->FL,9,0,6
28,FL->FL,10,0,6
28,FL->FL,11,27,6
28,FL->FL,12,27,6
28,FL->FL,13,0,6
28,FL->FL,14,0,6
28,FL->FL,15,22,6
28,FL->FL,16,22,6
28,FL->FL,17,30,6
28,FL->FL,18,30,6
28,FL->FL,19,19,6
28,FL->FL,20,0,6
29,CON->FL,1,0,3
29,CON->FL,2,0,3
29,CON->FL,3,0,3
29,CON->FL,4,0,3
29,CON->FL,5,0,3
29,CON->FL,6,0,3
29,CON->FL,7,0,3
29,CON->FL,8,0,3
29,CON->FL,9,0,3
29,CON->FL,10,0,3
29,CON->FL,11,0,3
29,CON->FL,12,0,3
29,CON->FL,13,0,3
29,CON->FL,14,0,3
29,CON->FL,15,0,3
29,CON->FL,16,0,3
29,CON->FL,17,0,3
29,CON->FL,18,0,3
29,CON->FL,19,0,3
29,CON->FL,20,0,3
30,FL->FL,1,12,7
30,FL->FL,2,19,7
30,FL->FL,3,0,7
30,FL->FL,4,0,7
30,FL->FL,5,19,7
30,FL->FL,6,0,7
30,FL->FL,7,19,7
30,FL->FL,8,0,7
30,FL->FL,9,0,7
30,FL->FL,10,0,7
30,FL->FL,11,0,7
30,FL->FL,12,0,7
30,FL->FL,13,0,7
30,FL->FL,14,0,7
30,FL->FL,15,0,7
30,FL->FL,16,0,7
30,FL->FL,17,0,7
30,FL->FL,18,0,7
30,FL->FL,19,0,7
30,FL->FL,20,0,7
31,FL->FL,1,0,8
31,FL->FL,2,0,8
31,FL->FL,3,0,8
31,FL->FL,4,0,8
31,FL->FL,5,0,8
31,FL->FL,6,0,8
31,FL->FL,7,14,8
31,FL->FL,8,0,8
31,FL->FL,9,13,8
31,FL->FL,10,0,8
31,FL->FL,11,0,8
31,FL->FL,12,0,8
31,FL->FL,13,0,8
31,FL->FL,14,0,8
31,FL->FL,15,0,8
31,FL->FL,16,0,8
31,FL->FL,17,0,8
31,FL->FL,18,0,8
31,FL->FL,19,0,8
31,FL->FL,20,0,8
32,NC->FL,1,19,7
32,NC->FL,2,0,7
32,NC->FL,3,0,7
32,NC->FL,4,0,7
32,NC->FL,5,20,7
32,NC->FL,6,0,7
32,NC->FL,7,12,7
32,NC->FL,8,0,7
32,NC->FL,9,24,7
32,NC->FL,10,0,7
32,NC->FL,11,0,7
32,NC->FL,12,0,7
32,NC->FL,13,0,7
32,NC->FL,14,0,7
32,NC->FL,15,0,7
32,NC->FL,16,0,7
32,NC->FL,17,0,7
32,NC->FL,18,0,7
32,NC->FL,19,0,7
32,NC->FL,20,0,7
33,FL->FL,1,0,9
33,FL->FL,2,0,9
33,FL->FL,3,0,9
33,FL->FL,4,0,9
33,FL->FL,5,0,9
33,FL->FL,6,0,9
33,FL->FL,7,0,9
33,FL->FL,8,0,9
33,FL->FL,9,0,9
33,FL->FL,10,0,9
33,FL->FL,11,13,9
33,FL->FL,12,0,9
33,FL->FL,13,0,9
33,FL->FL,14,0,9
33,FL->FL,15,0,9
33,FL->FL,16,0,9
33,FL->FL,17,0,9
33,FL->FL,18,0,9
33,FL->FL,19,20,9
33,FL->FL,20,0,9
34,CON->NC,1,0,6
34,CON->NC,2,0,6
34,CON->NC,3,0,6
34,CON->NC,4,0,6
34,CON->NC,5,0,6
34,CON->NC,6,0,6
34,CON->NC,7,12,6
34,CON->NC,8,0,6
34,CON->NC,9,0,6
34,CON->NC,10,0,6
34,CON->NC,11,0,6
34,CON->NC,12,0,6
34,CON->NC,13,12,6
34,CON->NC,14,0,6
34,CON->NC,15,0,6
34,CON->NC,16,0,6
34,CON->NC,17,0,6
34,CON->NC,18,0,6
34,CON->NC,19,25,6
34,CON->NC,20,0,6
35,CON->FL,1,0,4
35,CON->FL,2,0,4
35,CON->FL,3,19,4
35,CON->FL,4,0,4
35,CON->FL,5,0,4
35,CON->FL,6,0,4
35,CON->FL,7,12,4
35,CON->FL,8,12,4
35,CON->FL,9,0,4
35,CON->FL,10,0,4
35,CON->FL,11,13,4
35,CON->FL,12,0,4
35,CON->FL,13,19,4
35,CON->FL,14,0,4
35,CON->FL,15,14,4
35,CON->FL,16,29,4
35,CON->FL,17,12,4
35,CON->FL,18,0,4
35,CON->FL,19,0,4
35,CON->FL,20,0,4
36,FL->FL,1,12,10
36,FL->FL,2,0,10
36,FL->FL,3,12,10
36,FL->FL,4,0,10
36,FL->FL,5,0,10
36,FL->FL,6,0,10
36,FL->FL,7,0,10
36,FL->FL,8,0,10
36,FL->FL,9,12,10
36,FL->FL,10,0,10
36,FL->FL,11,12,10
36,FL->FL,12,0,10
36,FL->FL,13,0,10
36,FL->FL,14,0,10
36,FL->FL,15,0,10
36,FL->FL,16,0,10
36,FL->FL,17,0,10
36,FL->FL,18,0,10
36,FL->FL,19,0,10
36,FL->FL,20,0,10
37,NC->NC,1,0,4
37,NC->NC,2,0,4
37,NC->NC,3,0,4
37,NC->NC,4,0,4
37,NC->NC,5,0,4
37,NC->NC,6,0,4
37,NC->NC,7,0,4
37,NC->NC,8,0,4
37,NC->NC,9,14,4
37,NC->NC,10,0,4
37,NC->NC,11,0,4
37,NC->NC,12,0,4
37,NC->NC,13,0,4
37,NC->NC,14,0,4
37,NC->NC,15,20,4
37,NC->NC,16,0,4
37,NC->NC,17,0,4
37,NC->NC,18,0,4
37,NC->NC,19,0,4
37,NC->NC,20,0,4
38,CON->NC,1,0,7
38,CON->NC,2,0,7
38,CON->NC,3,14,7
38,CON->NC,4,0,7
38,CON->NC,5,0,7
38,CON->NC,6,0,7
38,CON->NC,7,0,7
38,CON->NC,8,0,7
38,CON->NC,9,0,7
38,CON->NC,10,0,7
38,CON->NC,11,0,7
38,CON->NC,12,0,7
38,CON->NC,13,0,7
38,CON->NC,14,0,7
38,CON->NC,15,0,7
38,CON->NC,16,0,7
38,CON->NC,17,0,7
38,CON->NC,18,0,7
38,CON->NC,19,0,7
38,CON->NC,20,0,7
39,NC->FL,1,0,8
39,NC->FL,2,0,8
39,NC->FL,3,0,8
39,NC->FL,4,0,8
39,NC->FL,5,0,8
39,NC->FL,6,0,8
39,NC->FL,7,0,8
39,NC->FL,8,0,8
39,NC->FL,9,0,8
39,NC->FL,10,0,8
39,NC->FL,11,0,8
39,NC->FL,12,0,8
39,NC->FL,13,0,8
39,NC->FL,14,0,8
39,NC->FL,15,24,8
39,NC->FL,16,0,8
39,NC->FL,17,22,8
39,NC->FL,18,0,8
39,NC->FL,19,0,8
39,NC->FL,20,0,8
40,NC->NC,1,0,5
40,NC->NC,2,0,5
40,NC->NC,3,33,5
40,NC->NC,4,0,5
40,NC->NC,5,0,5
40,NC->NC,6,0,5
40,NC->NC,7,0,5
40,NC->NC,8,0,5
40,NC->NC,9,19,5
40,NC->NC,10,0,5
40,NC->NC,11,0,5
40,NC->NC,12,0,5
40,NC->NC,13,33,5
40,NC->NC,14,0,5
40,NC->NC,15,0,5
40,NC->NC,16,0,5
40,NC->NC,17,0,5
40,NC->NC,18,0,5
40,NC->NC,19,19,5
40,NC->NC,20,0,5
41,CON->FL,1,0,5
41,CON->FL,2,0,5
41,CON->FL,3,0,5
41,CON->FL,4,0,5
41,CON->FL,5,0,5
41,CON->FL,6,0,5
41,CON->FL,7,0,5
41,CON->FL,8,0,5
41,CON->FL,9,0,5
41,CON->FL,10,0,5
41,CON->FL,11,0,5
41,CON->FL,12,0,5
41,CON->FL,13,0,5
41,CON->FL,14,0,5
41,CON->FL,15,30,5
41,CON->FL,16,0,5
41,CON->FL,17,0,5
41,CON->FL,18,0,5
41,CON->FL,19,12,5
41,CON->FL,20,0,5
42,CON->FL,1,0,6
42,CON->FL,2,0,6
42,CON->FL,3,13,6
42,CON->FL,4,0,6
42,CON->FL,5,0,6
42,CON->FL,6,0,6
42,CON->FL,7,0,6
42,CON->FL,8,0,6
42,CON->FL,9,13,6
42,CON->FL,10,0,6
42,CON->FL,11,0,6
42,CON->FL,12,0,6
42,CON->FL,13,0,6
42,CON->FL,14,0,6
42,CON->FL,15,0,6
42,CON->FL,16,0,6
42,CON->FL,17,0,6
42,CON->FL,18,0,6
42,CON->FL,19,0,6
42,CON->FL,20,0,6
43,CON->FL,1,0,7
43,CON->FL,2,0,7
43,CON->FL,3,0,7
43,CON->FL,4,0,7
43,CON->FL,5,0,7
43,CON->FL,6,0,7
43,CON->FL,7,12,7
43,CON->FL,8,0,7
43,CON->FL,9,0,7
43,CON->FL,10,0,7
43,CON->FL,11,0,7
43,CON->FL,12,0,7
43,CON->FL,13,19,7
43,CON->FL,14,0,7
43,CON->FL,15,28,7
43,CON->FL,16,0,7
43,CON->FL,17,0,7
43,CON->FL,18,0,7
43,CON->FL,19,0,7
43,CON->FL,20,0,7
44,CON->FL,1,0,8
44,CON->FL,2,0,8
44,CON->FL,3,0,8
44,CON->FL,4,0,8
44,CON->FL,5,19,8
44,CON->FL,6,0,8
44,CON->FL,7,0,8
44,CON->FL,8,0,8
44,CON->FL,9,19,8
44,CON->FL,10,0,8
44,CON->FL,11,0,8
44,CON->FL,12,0,8
44,CON->FL,13,14,8
44,CON->FL,14,22,8
44,CON->FL,15,0,8
44,CON->FL,16,0,8
44,CON->FL,17,19,8
44,CON->FL,18,0,8
44,CON->FL,19,0,8
44,CON->FL,20,0,8
45,NC->FL,1,24,9
45,NC->FL,2,0,9
45,NC->FL,3,0,9
45,NC->FL,4,0,9
45,NC->FL,5,0,9
45,NC->FL,6,0,9
45,NC->FL,7,0,9
45,NC->FL,8,0,9
45,NC->FL,9,0,9
45,NC->FL,10,0,9
45,NC->FL,11,19,9
45,NC->FL,12,0,9
45,NC->FL,13,0,9
45,NC->FL,14,0,9
45,NC->FL,15,0,9
45,NC->FL,16,0,9
45,NC->FL,17,0,9
45,NC->FL,18,0,9
45,NC->FL,19,0,9
45,NC->FL,20,0,9
46,NC->FL,1,0,10
46,NC->FL,2,0,10
46,NC->FL,3,0,10
46,NC->FL,4,0,10
46,NC->FL,5,0,10
46,NC->FL,6,0,10
46,NC->FL,7,12,10
46,NC->FL,8,0,10
46,NC->FL,9,0,10
46,NC->FL,10,0,10
46,NC->FL,11,14,10
46,NC->FL,12,0,10
46,NC->FL,13,19,10
46,NC->FL,14,0,10
46,NC->FL,15,0,10
46,NC->FL,16,0,10
46,NC->FL,17,0,10
46,NC->FL,18,0,10
46,NC->FL,19,0,10
46,NC->FL,20,0,10
47,CON->FL,1,12,9
47,CON->FL,2,19,9
47,CON->FL,3,0,9
47,CON->FL,4,0,9
47,CON->FL,5,0,9
47,CON->FL,6,0,9
47,CON->FL,7,0,9
47,CON->FL,8,0,9
47,CON->FL,9,22,9
47,CON->FL,10,0,9
47,CON->FL,11,28,9
47,CON->FL,12,0,9
47,CON->FL,13,0,9
47,CON->FL,14,0,9
47,CON->FL,15,14,9
47,CON->FL,16,0,9
47,CON->FL,17,0,9
47,CON->FL,18,0,9
47,CON->FL,19,0,9
47,CON->FL,20,0,9
48,CON->NC,1,0,8
48,CON->NC,2,0,8
48,CON->NC,3,0,8
48,CON->NC,4,0,8
48,CON->NC,5,0,8
48,CON->NC,6,0,8
48,CON->NC,7,0,8
48,CON->NC,8,0,8
48,CON->NC,9,0,8
48,CON->NC,10,0,8
48,CON->NC,11,0,8
48,CON->NC,12,0,8
48,CON->NC,13,0,8
48,CON->NC,14,0,8
48,CON->NC,15,0,8
48,CON->NC,16,0,8
48,CON->NC,17,0,8
48,CON->NC,18,0,8
48,CON->NC,19,0,8
48,CON->NC,20,0,8
49,FL->NC,1,0,7
49,FL->NC,2,0,7
49,FL->NC,3,0,7
49,FL->NC,4,0,7
49,FL->NC,5,20,7
49,FL->NC,6,0,7
49,FL->NC,7,0,7
49,FL->NC,8,0,7
49,FL->NC,9,0,7
49,FL->NC,10,0,7
49,FL->NC,11,22,7
49,FL->NC,12,0,7
49,FL->NC,13,22,7
49,FL->NC,14,0,7
49,FL->NC,15,0,7
49,FL->NC,16,0,7
49,FL->NC,17,29,7
49,FL->NC,18,0,7
49,FL->NC,19,0,7
49,FL->NC,20,0,7
50,NC->FL,1,0,11
50,NC->FL,2,0,11
50,NC->FL,3,0,11
50,NC->FL,4,0,11
50,NC->FL,5,20,11
50,NC->FL,6,0,11
50,NC->FL,7,0,11
50,NC->FL,8,0,11
50,NC->FL,9,0,11
50,NC->FL,10,0,11
50,NC->FL,11,0,11
50,NC->FL,12,0,11
50,NC->FL,13,0,11
50,NC->FL,14,0,11
50,NC->FL,15,0,11
50,NC->FL,16,0,11
50,NC->FL,17,19,11
50,NC->FL,18,22,11
50,NC->FL,19,0,11
50,NC->FL,20,0,11
51,CON->NC,1,0,9
51,CON->NC,2,0,9
51,CON->NC,3,27,9
51,CON->NC,4,0,9
51,CON->NC,5,12,9
51,CON->NC,6,0,9
51,CON->NC,7,0,9
51,CON->NC,8,0,9
51,CON->NC,9,0,9
51,CON->NC,10,0,9
51,CON->NC,11,0,9
51,CON->NC,12,0,9
51,CON->NC,13,19,9
51,CON->NC,14,0,9
51,CON->NC,15,12,9
51,CON->NC,16,13,9
51,CON->NC,17,0,9
51,CON->NC,18,0,9
51,CON->NC,19,0,9
51,CON->NC,20,0,9
52,CON->NC,1,0,10
52,CON->NC,2,0,10
52,CON->NC,3,0,10
52,CON->NC,4,0,10
52,CON->NC,5,0,10
52,CON->NC,6,0,10
52,CON->NC,7,0,10
52,CON->NC,8,0,10
52,CON->NC,9,0,10
52,CON->NC,10,0,10
52,CON->NC,11,0,10
52,CON->NC,12,0,10
52,CON->NC,13,0,10
52,CON->NC,14,0,10
52,CON->NC,15,0,10
52,CON->NC,16,0,10
52,CON->NC,17,0,10
52,CON->NC,18,0,10
52,CON->NC,19,0,10
52,CON->NC,20,0,10
53,CON->NC,1,0,11
53,CON->NC,2,0,11
53,CON->NC,3,0,11
53,CON->NC,4,0,11
53,CON->NC,5,20,11
53,CON->NC,6,0,11
53,CON->NC,7,0,11
53,CON->NC,8,0,11
53,CON->NC,9,0,11
53,CON->NC,10,0,11
53,CON->NC,11,27,11
53,CON->NC,12,0,11
53,CON->NC,13,0,11
53,CON->NC,14,0,11
53,CON->NC,15,0,11
53,CON->NC,16,0,11
53,CON->NC,17,0,11
53,CON->NC,18,0,11
53,CON->NC,19,0,11
53,CON->NC,20,0,11
54,NC->NC,1,0,6
54,NC->NC,2,0,6
54,NC->NC,3,0,6
54,NC->NC,4,0,6
54,NC->NC,5,13,6
54,NC->NC,6,0,6
54,NC->NC,7,0,6
54,NC->NC,8,0,6
54,NC->NC,9,0,6
54,NC->NC,10,0,6
54,NC->NC,11,0,6
54,NC->NC,12,0,6
54,NC->NC,13,36,6
54,NC->NC,14,0,6
54,NC->NC,15,0,6
54,NC->NC,16,0,6
54,NC->NC,17,0,6
54,NC->NC,18,0,6
54,NC->NC,19,0,6
54,NC->NC,20,0,6
55,CON->FL,1,22,10
55,CON->FL,2,0,10
55,CON->FL,3,33,10
55,CON->FL,4,0,10
55,CON->FL,5,0,10
55,CON->FL,6,0,10
55,CON->FL,7,0,10
55,CON->FL,8,0,10
55,CON->FL,9,0,10
55,CON->FL,10,0,10
55,CON->FL,11,0,10
55,CON->FL,12,0,10
55,CON->FL,13,12,10
55,CON->FL,14,0,10
55,CON->FL,15,0,10
55,CON->FL,16,0,10
55,CON->FL,17,12,10
55,CON->FL,18,0,10
55,CON->FL,19,19,10
55,CON->FL,20,0,10
56,CON->FL,1,19,11
56,CON->FL,2,0,11
56,CON->FL,3,0,11
56,CON->FL,4,0,11
56,CON->FL,5,0,11
56,CON->FL,6,0,11
56,CON->FL,7,0,11
56,CON->FL,8,0,11
56,CON->FL,9,19,11
56,CON->FL,10,0,11
56,CON->FL,11,19,11
56,CON->FL,12,32,11
56,CON->FL,13,12,11
56,CON->FL,14,0,11
56,CON->FL,15,12,11
56,CON->FL,16,0,11
56,CON->FL,17,0,11
56,CON->FL,18,0,11
56,CON->FL,19,0,11
56,CON->FL,20,0,11
57,CON->FL,1,0,12
57,CON->FL,2,0,12
57,CON->FL,3,13,12
57,CON->FL,4,0,12
57,CON->FL,5,0,12
57,CON->FL,6,0,12
57,CON->FL,7,0,12
57,CON->FL,8,0,12
57,CON->FL,9,0,12
57,CON->FL,10,0,12
57,CON->FL,11,0,12
57,CON->FL,12,0,12
57,CON->FL,13,0,12
57,CON->FL,14,0,12
57,CON->FL,15,0,12
57,CON->FL,16,0,12
57,CON->FL,17,0,12
57,CON->FL,18,0,12
57,CON->FL,19,0,12
57,CON->FL,20,0,12
58,NC->NC,1,34,7
58,NC->NC,2,0,7
58,NC->NC,3,0,7
58,NC->NC,4,0,7
58,NC->NC,5,0,7
58,NC->NC,6,0,7
58,NC->NC,7,0,7
58,NC->NC,8,0,7
58,NC->NC,9,22,7
58,NC->NC,10,0,7
58,NC->NC,11,0,7
58,NC->NC,12,0,7
58,NC->NC,13,30,7
58,NC->NC,14,0,7
58,NC->NC,15,0,7
58,NC->NC,16,0,7
58,NC->NC,17,0,7
58,NC->NC,18,0,7
58,NC->NC,19,0,7
58,NC->NC,20,0,7
59,CON->NC,1,0,12
59,CON->NC,2,0,12
59,CON->NC,3,0,12
59,CON->NC,4,0,12
59,CON->NC,5,39,12
59,CON->NC,6,0,12
59,CON->NC,7,0,12
59,CON->NC,8,0,12
59,CON->NC,9,0,12
59,CON->NC,10,0,12
59,CON->NC,11,33,12
59,CON->NC,12,0,12
59,CON->NC,13,0,12
59,CON->NC,14,0,12
59,CON->NC,15,0,12
59,CON->NC,16,0,12
59,CON->NC,17,0,12
59,CON->NC,18,0,12
59,CON->NC,19,0,12
59,CON->NC,20,0,12
60,FL->NC,1,0,8
60,FL->NC,2,0,8
60,FL->NC,3,0,8
60,FL->NC,4,0,8
60,FL->NC,5,0,8
60,FL->NC,6,0,8
60,FL->NC,7,0,8
60,FL->NC,8,0,8
60,FL->NC,9,0,8
60,FL->NC,10,0,8
60,FL->NC,11,0,8
60,FL->NC,12,0,8
60,FL->NC,13,0,8
60,FL->NC,14,0,8
60,FL->NC,15,0,8
60,FL->NC,16,0,8
60,FL->NC,17,0,8
60,FL->NC,18,0,8
60,FL->NC,19,0,8
60,FL->NC,20,0,8
61,CON->FL,1,0,13
61,CON->FL,2,0,13
61,CON->FL,3,0,13
61,CON->FL,4,0,13
61,CON->FL,5,0,13
61,CON->FL,6,0,13
61,CON->FL,7,0,13
61,CON->FL,8,0,13
61,CON->FL,9,25,13
61,CON->FL,10,0,13
61,CON->FL,11,0,13
61,CON->FL,12,0,13
61,CON->FL,13,0,13
61,CON->FL,14,0,13
61,CON->FL,15,0,13
61,CON->FL,16,0,13
61,CON->FL,17,0,13
61,CON->FL,18,0,13
61,CON->FL,19,19,13
61,CON->FL,20,0,13
62,CON->NC,1,0,13
62,CON->NC,2,0,13
62,CON->NC,3,0,13
62,CON->NC,4,0,13
62,CON->NC,5,0,13
62,CON->NC,6,0,13
62,CON->NC,7,0,13
62,CON->NC,8,0,13
62,CON->NC,9,0,13
62,CON->NC,10,0,13
62,CON->NC,11,0,13
62,CON->NC,12,0,13
62,CON->NC,13,0,13
62,CON->NC,14,0,13
62,CON->NC,15,0,13
62,CON->NC,16,0,13
62,CON->NC,17,0,13
62,CON->NC,18,0,13
62,CON->NC,19,22,13
62,CON->NC,20,0,13
63,NC->FL,1,0,12
63,NC->FL,2,0,12
63,NC->FL,3,29,12
63,NC->FL,4,29,12
63,NC->FL,5,27,12
63,NC->FL,6,0,12
63,NC->FL,7,0,12
63,NC->FL,8,0,12
63,NC->FL,9,13,12
63,NC->FL,10,0,12
63,NC->FL,11,19,12
63,NC->FL,12,19,12
63,NC->FL,13,0,12
63,NC->FL,14,0,12
63,NC->FL,15,37,12
63,NC->FL,16,0,12
63,NC->FL,17,0,12
63,NC->FL,18,0,12
63,NC->FL,19,0,12
63,NC->FL,20,0,12
64,CON->NC,1,0,14
64,CON->NC,2,0,14
64,CON->NC,3,0,14
64,CON->NC,4,0,14
64,CON->NC,5,0,14
64,CON->NC,6,0,14
64,CON->NC,7,26,14
64,CON->NC,8,0,14
64,CON->NC,9,37,14
64,CON->NC,10,0,14
64,CON->NC,11,0,14
64,CON->NC,12,0,14
64,CON->NC,13,0,14
64,CON->NC,14,0,14
64,CON->NC,15,0,14
64,CON->NC,16,0,14
64,CON->NC,17,0,14
64,CON->NC,18,0,14
64,CON->NC,19,0,14
64,CON->NC,20,0,14
65,FL->FL,1,22,11
65,FL->FL,2,0,11
65,FL->FL,3,12,11
65,FL->FL,4,0,11
65,FL->FL,5,0,11
65,FL->FL,6,0,11
65,FL->FL,7,0,11
65,FL->FL,8,0,11
65,FL->FL,9,0,11
65,FL->FL,10,0,11
65,FL->FL,11,0,11
65,FL->FL,12,0,11
65,FL->FL,13,0,11
65,FL->FL,14,0,11
65,FL->FL,15,0,11
65,FL->FL,16,0,11
65,FL->FL,17,0,11
65,FL->FL,18,0,11
65,FL->FL,19,0,11
65,FL->FL,20,0,11
66,NC->NC,1,25,8
66,NC->NC,2,26,8
66,NC->NC,3,29,8
66,NC->NC,4,0,8
66,NC->NC,5,12,8
66,NC->NC,6,0,8
66,NC->NC,7,13,8
66,NC->NC,8,0,8
66,NC->NC,9,0,8
66,NC->NC,10,0,8
66,NC->NC,11,0,8
66,NC->NC,12,0,8
66,NC->NC,13,0,8
66,NC->NC,14,0,8
66,NC->NC,15,0,8
66,NC->NC,16,0,8
66,NC->NC,17,37,8
66,NC->NC,18,0,8
66,NC->NC,19,0,8
66,NC->NC,20,0,8
67,FL->NC,1,13,9
67,FL->NC,2,0,9
67,FL->NC,3,30,9
67,FL->NC,4,0,9
67,FL->NC,5,0,9
67,FL->NC,6,0,9
67,FL->NC,7,0,9
67,FL->NC,8,0,9
67,FL->NC,9,22,9
67,FL->NC,10,0,9
67,FL->NC,11,30,9
67,FL->NC,12,0,9
67,FL->NC,13,0,9
67,FL->NC,14,0,9
67,FL->NC,15,0,9
67,FL->NC,16,0,9
67,FL->NC,17,0,9
67,FL->NC,18,0,9
67,FL->NC,19,0,9
67,FL->NC,20,0,9
68,NC->FL,1,0,13
68,NC->FL,2,0,13
68,NC->FL,3,31,13
68,NC->FL,4,0,13
68,NC->FL,5,31,13
68,NC->FL,6,0,13
68,NC->FL,7,0,13
68,NC->FL,8,0,13
68,NC->FL,9,0,13
68,NC->FL,10,0,13
68,NC->FL,11,0,13
68,NC->FL,12,0,13
68,NC->FL,13,0,13
68,NC->FL,14,0,13
68,NC->FL,15,0,13
68,NC->FL,16,0,13
68,NC->FL,17,0,13
68,NC->FL,18,0,13
68,NC->FL,19,0,13
68,NC->FL,20,0,13
69,FL->FL,1,19,12
69,FL->FL,2,0,12
69,FL->FL,3,24,12
69,FL->FL,4,0,12
69,FL->FL,5,0,12
69,FL->FL,6,0,12
69,FL->FL,7,0,12
69,FL->FL,8,0,12
69,FL->FL,9,0,12
69,FL->FL,10,0,12
69,FL->FL,11,13,12
69,FL->FL,12,0,12
69,FL->FL,13,0,12
69,FL->FL,14,0,12
69,FL->FL,15,0,12
69,FL->FL,16,0,12
69,FL->FL,17,0,12
69,FL->FL,18,0,12
69,FL->FL,19,0,12
69,FL->FL,20,0,12
70,NC->NC,1,0,9
70,NC->NC,2,0,9
70,NC->NC,3,0,9
70,NC->NC,4,0,9
70,NC->NC,5,0,9
70,NC->NC,6,0,9
70,NC->NC,7,0,9
70,NC->NC,8,0,9
70,NC->NC,9,0,9
70,NC->NC,10,0,9
70,NC->NC,11,0,9
70,NC->NC,12,0,9
70,NC->NC,13,13,9
70,NC->NC,14,0,9
70,NC->NC,15,0,9
70,NC->NC,16,0,9
70,NC->NC,17,0,9
70,NC->NC,18,0,9
70,NC->NC,19,0,9
70,NC->NC,20,0,9
71,NC->NC,1,0,10
71,NC->NC,2,0,10
71,NC->NC,3,0,10
71,NC->NC,4,0,10
71,NC->NC,5,0,10
71,NC->NC,6,0,10
71,NC->NC,7,0,10
71,NC->NC,8,0,10
71,NC->NC,9,32,10
71,NC->NC,10,0,10
71,NC->NC,11,0,10
71,NC->NC,12,0,10
71,NC->NC,13,0,10
71,NC->NC,14,0,10
71,NC->NC,15,27,10
71,NC->NC,16,0,10
71,NC->NC,17,0,10
71,NC->NC,18,0,10
71,NC->NC,19,0,10
71,NC->NC,20,0,10
72,FL->NC,1,0,10
72,FL->NC,2,0,10
72,FL->NC,3,0,10
72,FL->NC,4,0,10
72,FL->NC,5,0,10
72,FL->NC,6,0,10
72,FL->NC,7,22,10
72,FL->NC,8,0,10
72,FL->NC,9,0,10
72,FL->NC,10,0,10
72,FL->NC,11,31,10
72,FL->NC,12,0,10
72,FL->NC,13,0,10
72,FL->NC,14,0,10
72,FL->NC,15,0,10
72,FL->NC,16,0,10
72,FL->NC,17,14,10
72,FL->NC,18,22,10
72,FL->NC,19,29,10
72,FL->NC,20,0,10
73,FL->NC,1,0,11
73,FL->NC,2,0,11
73,FL->NC,3,0,11
73,FL->NC,4,0,11
73,FL->NC,5,0,11
73,FL->NC,6,0,11
73,FL->NC,7,32,11
73,FL->NC,8,0,11
73,FL->NC,9,36,11
73,FL->NC,10,0,11
73,FL->NC,11,0,11
73,FL->NC,12,0,11
73,FL->NC,13,27,11
73,FL->NC,14,0,11
73,FL->NC,15,0,11
73,FL->NC,16,0,11
73,FL->NC,17,0,11
73,FL->NC,18,0,11
73,FL->NC,19,0,11
73,FL->NC,20,0,11
74,CON->NC,1,0,15
74,CON->NC,2,0,15
74,CON->NC,3,0,15
74,CON->NC,4,0,15
74,CON->NC,5,0,15
74,CON->NC,6,0,15
74,CON->NC,7,0,15
74,CON->NC,8,0,15
74,CON->NC,9,0,15
74,CON->NC,10,0,15
74,CON->NC,11,0,15
74,CON->NC,12,0,15
74,CON->NC,13,0,15
74,CON->NC,14,0,15
74,CON->NC,15,0,15
74,CON->NC,16,0,15
74,CON->NC,17,26,15
74,CON->NC,18,0,15
74,CON->NC,19,0,15
74,CON->NC,20,0,15
75,CON->FL,1,0,14
75,CON->FL,2,0,14
75,CON->FL,3,0,14
75,CON->FL,4,0,14
75,CON->FL,5,19,14
75,CON->FL,6,0,14
75,CON->FL,7,0,14
75,CON->FL,8,0,14
75,CON->FL,9,0,14
75,CON->FL,10,0,14
75,CON->FL,11,0,14
75,CON->FL,12,0,14
75,CON->FL,13,27,14
75,CON->FL,14,0,14
75,CON->FL,15,0,14
75,CON->FL,16,0,14
75,CON->FL,17,0,14
75,CON->FL,18,0,14
75,CON->FL,19,0,14
75,CON->FL,20,0,14
76,NC->FL,1,14,14
76,NC->FL,2,0,14
76,NC->FL,3,0,14
76,NC->FL,4,0,14
76,NC->FL,5,0,14
76,NC->FL,6,0,14
76,NC->FL,7,14,14
76,NC->FL,8,0,14
76,NC->FL,9,0,14
76,NC->FL,10,0,14
76,NC->FL,11,0,14
76,NC->FL,12,0,14
76,NC->FL,13,0,14
76,NC->FL,14,0,14
76,NC->FL,15,0,14
76,NC->FL,16,0,14
76,NC->FL,17,0,14
76,NC->FL,18,0,14
76,NC->FL,19,0,14
76,NC->FL,20,0,14
77,NC->NC,1,0,11
77,NC->NC,2,0,11
77,NC->NC,3,0,11
77,NC->NC,4,0,11
77,NC->NC,5,26,11
77,NC->NC,6,0,11
77,NC->NC,7,0,11
77,NC->NC,8,0,11
77,NC->NC,9,0,11
77,NC->NC,10,0,11
77,NC->NC,11,0,11
77,NC->NC,12,0,11
77,NC->NC,13,0,11
77,NC->NC,14,0,11
77,NC->NC,15,0,11
77,NC->NC,16,0,11
77,NC->NC,17,0,11
77,NC->NC,18,0,11
77,NC->NC,19,24,11
77,NC->NC,20,0,11
78,NC->NC,1,13,12
78,NC->NC,2,0,12
78,NC->NC,3,0,12
78,NC->NC,4,0,12
78,NC->NC,5,22,12
78,NC->NC,6,0,12
78,NC->NC,7,0,12
78,NC->NC,8,0,12
78,NC->NC,9,13,12
78,NC->NC,10,0,12
78,NC->NC,11,22,12
78,NC->NC,12,0,12
78,NC->NC,13,33,12
78,NC->NC,14,0,12
78,NC->NC,15,26,12
78,NC->NC,16,0,12
78,NC->NC,17,0,12
78,NC->NC,18,0,12
78,NC->NC,19,0,12
78,NC->NC,20,0,12
79,NC->FL,1,14,15
79,NC->FL,2,0,15
79,NC->FL,3,29,15
79,NC->FL,4,0,15
79,NC->FL,5,0,15
79,NC->FL,6,0,15
79,NC->FL,7,0,15
79,NC->FL,8,0,15
79,NC->FL,9,0,15
79,NC->FL,10,0,15
79,NC->FL,11,0,15
79,NC->FL,12,0,15
79,NC->FL,13,0,15
79,NC->FL,14,0,15
79,NC->FL,15,0,15
79,NC->FL,16,0,15
79,NC->FL,17,0,15
79,NC->FL,18,0,15
79,NC->FL,19,0,15
79,NC->FL,20,0,15
80,FL->FL,1,37,13
80,FL->FL,2,0,13
80,FL->FL,3,0,13
80,FL->FL,4,0,13
80,FL->FL,5,14,13
80,FL->FL,6,0,13
80,FL->FL,7,0,13
80,FL->FL,8,0,13
80,FL->FL,9,0,13
80,FL->FL,10,0,13
80,FL->FL,11,0,13
80,FL->FL,12,0,13
80,FL->FL,13,0,13
80,FL->FL,14,0,13
80,FL->FL,15,12,13
80,FL->FL,16,0,13
80,FL->FL,17,0,13
80,FL->FL,18,0,13
80,FL->FL,19,0,13
80,FL->FL,20,0,13
81,CON->NC,1,32,16
81,CON->NC,2,0,16
81,CON->NC,3,36,16
81,CON->NC,4,0,16
81,CON->NC,5,13,16
81,CON->NC,6,25,16
81,CON->NC,7,0,16
81,CON->NC,8,0,16
81,CON->NC,9,0,16
81,CON->NC,10,0,16
81,CON->NC,11,0,16
81,CON->NC,12,0,16
81,CON->NC,13,12,16
81,CON->NC,14,0,16
81,CON->NC,15,0,16
81,CON->NC,16,0,16
81,CON->NC,17,0,16
81,CON->NC,18,0,16
81,CON->NC,19,0,16
81,CON->NC,20,0,16
82,NC->NC,1,0,13
82,NC->NC,2,0,13
82,NC->NC,3,0,13
82,NC->NC,4,0,13
82,NC->NC,5,0,13
82,NC->NC,6,0,13
82,NC->NC,7,0,13
82,NC->NC,8,0,13
82,NC->NC,9,0,13
82,NC->NC,10,0,13
82,NC->NC,11,0,13
82,NC->NC,12,0,13
82,NC->NC,13,0,13
82,NC->NC,14,0,13
82,NC->NC,15,34,13
82,NC->NC,16,0,13
82,NC->NC,17,0,13
82,NC->NC,18,0,13
82,NC->NC,19,0,13
82,NC->NC,20,0,13
83,FL->FL,1,0,14
83,FL->FL,2,0,14
83,FL->FL,3,0,14
83,FL->FL,4,0,14
83,FL->FL,5,0,14
83,FL->FL,6,0,14
83,FL->FL,7,0,14
83,FL->FL,8,0,14
83,FL->FL,9,0,14
83,FL->FL,10,0,14
83,FL->FL,11,0,14
83,FL->FL,12,0,14
83,FL->FL,13,0,14
83,FL->FL,14,0,14
83,FL->FL,15,0,14
83,FL->FL,16,0,14
83,FL->FL,17,0,14
83,FL->FL,18,0,14
83,FL->FL,19,0,14
83,FL->FL,20,0,14
84,NC->NC,1,0,14
84,NC->NC,2,0,14
84,NC->NC,3,0,14
84,NC->NC,4,0,14
84,NC->NC,5,0,14
84,NC->NC,6,0,14
84,NC->NC,7,0,14
84,NC->NC,8,0,14
84,NC->NC,9,0,14
84,NC->NC,10,0,14
84,NC->NC,11,0,14
84,NC->NC,12,0,14
84,NC->NC,13,0,14
84,NC->NC,14,0,14
84,NC->NC,15,0,14
84,NC->NC,16,0,14
84,NC->NC,17,0,14
84,NC->NC,18,0,14
84,NC->NC,19,0,14
84,NC->NC,20,0,14
85,FL->NC,1,0,12
85,FL->NC,2,0,12
85,FL->NC,3,0,12
85,FL->NC,4,0,12
85,FL->NC,5,22,12
85,FL->NC,6,0,12
85,FL->NC,7,0,12
85,FL->NC,8,0,12
85,FL->NC,9,0,12
85,FL->NC,10,0,12
85,FL->NC,11,27,12
85,FL->NC,12,0,12
85,FL->NC,13,0,12
85,FL->NC,14,0,12
85,FL->NC,15,0,12
85,FL->NC,16,0,12
85,FL->NC,17,0,12
85,FL->NC,18,0,12
85,FL->NC,19,0,12
85,FL->NC,20,0,12
86,NC->FL,1,0,16
86,NC->FL,2,0,16
86,NC->FL,3,0,16
86,NC->FL,4,0,16
86,NC->FL,5,0,16
86,NC->FL,6,0,16
86,NC->FL,7,0,16
86,NC->FL,8,0,16
86,NC->FL,9,0,16
86,NC->FL,10,0,16
86,NC->FL,11,0,16
86,NC->FL,12,0,16
86,NC->FL,13,0,16
86,NC->FL,14,0,16
86,NC->FL,15,0,16
86,NC->FL,16,0,16
86,NC->FL,17,0,16
86,NC->FL,18,0,16
86,NC->FL,19,0,16
86,NC->FL,20,0,16
87,CON->NC,1,0,17
87,CON->NC,2,0,17
87,CON->NC,3,0,17
87,CON->NC,4,0,17
87,CON->NC,5,22,17
87,CON->NC,6,0,17
87,CON->NC,7,0,17
87,CON->NC,8,0,17
87,CON->NC,9,0,17
87,CON->NC,10,0,17
87,CON->NC,11,0,17
87,CON->NC,12,0,17
87,CON->NC,13,13,17
87,CON->NC,14,0,17
87,CON->NC,15,26,17
87,CON->NC,16,0,17
87,CON->NC,17,0,17
87,CON->NC,18,0,17
87,CON->NC,19,0,17
87,CON->NC,20,0,17
88,FL->NC,1,19,13
88,FL->NC,2,0,13
88,FL->NC,3,19,13
88,FL->NC,4,0,13
88,FL->NC,5,32,13
88,FL->NC,6,0,13
88,FL->NC,7,0,13
88,FL->NC,8,0,13
88,FL->NC,9,20,13
88,FL->NC,10,0,13
88,FL->NC,11,20,13
88,FL->NC,12,0,13
88,FL->NC,13,0,13
88,FL->NC,14,0,13
88,FL->NC,15,20,13
88,FL->NC,16,0,13
88,FL->NC,17,0,13
88,FL->NC,18,0,13
88,FL->NC,19,0,13
88,FL->NC,20,0,13
89,NC->FL,1,0,17
89,NC->FL,2,0,17
89,NC->FL,3,0,17
89,NC->FL,4,0,17
89,NC->FL,5,0,17
89,NC->FL,6,0,17
89,NC->FL,7,20,17
89,NC->FL,8,0,17
89,NC->FL,9,0,17
89,NC->FL,10,0,17
89,NC->FL,11,0,17
89,NC->FL,12,0,17
89,NC->FL,13,0,17
89,NC->FL,14,0,17
89,NC->FL,15,0,17
89,NC->FL,16,0,17
89,NC->FL,17,13,17
89,NC->FL,18,0,17
89,NC->FL,19,0,17
89,NC->FL,20,0,17
90,NC->NC,1,0,15
90,NC->NC,2,0,15
90,NC->NC,3,0,15
90,NC->NC,4,0,15
90,NC->NC,5,0,15
90,NC->NC,6,0,15
90,NC->NC,7,0,15
90,NC->NC,8,0,15
90,NC->NC,9,22,15
90,NC->NC,10,0,15
90,NC->NC,11,34,15
90,NC->NC,12,0,15
90,NC->NC,13,20,15
90,NC->NC,14,0,15
90,NC->NC,15,0,15
90,NC->NC,16,0,15
90,NC->NC,17,0,15
90,NC->NC,18,0,15
90,NC->NC,19,0,15
90,NC->NC,20,0,15
91,FL->FL,1,0,15
91,FL->FL,2,0,15
91,FL->FL,3,27,15
91,FL->FL,4,0,15
91,FL->FL,5,0,15
91,FL->FL,6,0,15
91,FL->FL,7,0,15
91,FL->FL,8,0,15
91,FL->FL,9,0,15
91,FL->FL,10,0,15
91,FL->FL,11,0,15
91,FL->FL,12,0,15
91,FL->FL,13,0,15
91,FL->FL,14,0,15
91,FL->FL,15,12,15
91,FL->FL,16,14,15
91,FL->FL,17,0,15
91,FL->FL,18,0,15
91,FL->FL,19,14,15
91,FL->FL,20,0,15
92,NC->FL,1,0,18
92,NC->FL,2,0,18
92,NC->FL,3,0,18
92,NC->FL,4,0,18
92,NC->FL,5,0,18
92,NC->FL,6,0,18
92,NC->FL,7,0,18
92,NC->FL,8,0,18
92,NC->FL,9,0,18
92,NC->FL,10,0,18
92,NC->FL,11,22,18
92,NC->FL,12,0,18
92,NC->FL,13,0,18
92,NC->FL,14,0,18
92,NC->FL,15,0,18
92,NC->FL,16,0,18
92,NC->FL,17,0,18
92,NC->FL,18,0,18
92,NC->FL,19,0,18
92,NC->FL,20,0,18
93,FL->FL,1,0,16
93,FL->FL,2,0,16
93,FL->FL,3,0,16
93,FL->FL,4,0,16
93,FL->FL,5,0,16
93,FL->FL,6,0,16
93,FL->FL,7,0,16
93,FL->FL,8,0,16
93,FL->FL,9,0,16
93,FL->FL,10,0,16
93,FL->FL,11,0,16
93,FL->FL,12,0,16
93,FL->FL,13,0,16
93,FL->FL,14,0,16
93,FL->FL,15,0,16
93,FL->FL,16,0,16
93,FL->FL,17,0,16
93,FL->FL,18,0,16
93,FL->FL,19,12,16
93,FL->FL,20,0,16
94,FL->NC,1,33,14
94,FL->NC,2,0,14
94,FL->NC,3,0,14
94,FL->NC,4,0,14
94,FL->NC,5,32,14
94,FL->NC,6,0,14
94,FL->NC,7,20,14
94,FL->NC,8,0,14
94,FL->NC,9,0,14
94,FL->NC,10,0,14
94,FL->NC,11,0,14
94,FL->NC,12,0,14
94,FL->NC,13,0,14
94,FL->NC,14,0,14
94,FL->NC,15,0,14
94,FL->NC,16,0,14
94,FL->NC,17,0,14
94,FL->NC,18,0,14
94,FL->NC,19,0,14
94,FL->NC,20,0,14
95,FL->NC,1,0,15
95,FL->NC,2,0,15
95,FL->NC,3,25,15
95,FL->NC,4,0,15
95,FL->NC,5,0,15
95,FL->NC,6,0,15
95,FL->NC,7,31,15
95,FL->NC,8,0,15
95,FL->NC,9,0,15
95,FL->NC,10,0,15
95,FL->NC,11,0,15
95,FL->NC,12,0,15
95,FL->NC,13,0,15
95,FL->NC,14,0,15
95,FL->NC,15,0,15
95,FL->NC,16,0,15
95,FL->NC,17,0,15
95,FL->NC,18,0,15
95,FL->NC,19,13,15
95,FL->NC,20,19,15
96,NC->NC,1,0,16
96,NC->NC,2,0,16
96,NC->NC,3,0,16
96,NC->NC,4,0,16
96,NC->NC,5,0,16
96,NC->NC,6,0,16
96,NC->NC,7,30,16
96,NC->NC,8,0,16
96,NC->NC,9,26,16
96,NC->NC,10,0,16
96,NC->NC,11,0,16
96,NC->NC,12,0,16
96,NC->NC,13,0,16
96,NC->NC,14,0,16
96,NC->NC,15,0,16
96,NC->NC,16,0,16
96,NC->NC,17,0,16
96,NC->NC,18,0,16
96,NC->NC,19,0,16
96,NC->NC,20,0,16
97,CON->FL,1,0,15
97,CON->FL,2,0,15
97,CON->FL,3,34,15
97,CON->FL,4,0,15
97,CON->FL,5,0,15
97,CON->FL,6,0,15
97,CON->FL,7,0,15
97,CON->FL,8,0,15
97,CON->FL,9,0,15
97,CON->FL,10,0,15
97,CON->FL,11,13,15
97,CON->FL,12,0,15
97,CON->FL,13,0,15
97,CON->FL,14,0,15
97,CON->FL,15,0,15
97,CON->FL,16,0,15
97,CON->FL,17,0,15
97,CON->FL,18,0,15
97,CON->FL,19,19,15
97,CON->FL,20,0,15
98,NC->NC,1,0,17
98,NC->NC,2,0,17
98,NC->NC,3,0,17
98,NC->NC,4,0,17
98,NC->NC,5,0,17
98,NC->NC,6,0,17
98,NC->NC,7,0,17
98,NC->NC,8,0,17
98,NC->NC,9,0,17
98,NC->NC,10,0,17
98,NC->NC,11,0,17
98,NC->NC,12,0,17
98,NC->NC,13,0,17
98,NC->NC,14,0,17
98,NC->NC,15,0,17
98,NC->NC,16,0,17
98,NC->NC,17,0,17
98,NC->NC,18,0,17
98,NC->NC,19,0,17
98,NC->NC,20,0,17
99,NC->NC,1,0,18
99,NC->NC,2,0,18
99,NC->NC,3,0,18
99,NC->NC,4,0,18
99,NC->NC,5,22,18
99,NC->NC,6,0,18
99,NC->NC,7,31,18
99,NC->NC,8,0,18
99,NC->NC,9,0,18
99,NC->NC,10,0,18
99,NC->NC,11,0,18
99,NC->NC,12,0,18
99,NC->NC,13,0,18
99,NC->NC,14,0,18
99,NC->NC,15,0,18
99,NC->NC,16,0,18
99,NC->NC,17,0,18
99,NC->NC,18,0,18
99,NC->NC,19,22,18
99,NC->NC,20,0,18
100,FL->FL,1,0,17
100,FL->FL,2,0,17
100,FL->FL,3,0,17
100,FL->FL,4,0,17
100,FL->FL,5,0,17
100,FL->FL,6,0,17
100,FL->FL,7,0,17
100,FL->FL,8,0,17
100,FL->FL,9,0,17
100,FL->FL,10,0,17
100,FL->FL,11,0,17
100,FL->FL,12,0,17
100,FL->FL,13,0,17
100,FL->FL,14,0,17
100,FL->FL,15,0,17
100,FL->FL,16,0,17
100,FL->FL,17,19,17
100,FL->FL,18,32,17
100,FL->FL,19,0,17
100,FL->FL,20,0,17
101,NC->FL,1,37,19
101,NC->FL,2,0,19
101,NC->FL,3,0,19
101,NC->FL,4,0,19
101,NC->FL,5,0,19
101,NC->FL,6,0,19
101,NC->FL,7,0,19
101,NC->FL,8,0,19
101,NC->FL,9,27,19
101,NC->FL,10,0,19
101,NC->FL,11,0,19
101,NC->FL,12,0,19
101,NC->FL,13,0,19
101,NC->FL,14,0,19
101,NC->FL,15,0,19
101,NC->FL,16,0,19
101,NC->FL,17,0,19
101,NC->FL,18,0,19
101,NC->FL,19,0,19
101,NC->FL,20,0,19
102,FL->NC,1,0,16
102,FL->NC,2,0,16
102,FL->NC,3,0,16
102,FL->NC,4,0,16
102,FL->NC,5,0,16
102,FL->NC,6,0,16
102,FL->NC,7,0,16
102,FL->NC,8,0,16
102,FL->NC,9,0,16
102,FL->NC,10,0,16
102,FL->NC,11,0,16
102,FL->NC,12,0,16
102,FL->NC,13,0,16
102,FL->NC,14,0,16
102,FL->NC,15,0,16
102,FL->NC,16,0,16
102,FL->NC,17,0,16
102,FL->NC,18,0,16
102,FL->NC,19,0,16
102,FL->NC,20,0,16
103,CON->FL,1,0,16
103,CON->FL,2,0,16
103,CON->FL,3,0,16
103,CON->FL,4,0,16
103,CON->FL,5,0,16
103,CON->FL,6,0,16
103,CON->FL,7,0,16
103,CON->FL,8,0,16
103,CON->FL,9,0,16
103,CON->FL,10,0,16
103,CON->FL,11,0,16
103,CON->FL,12,0,16
103,CON->FL,13,0,16
103,CON->FL,14,0,16
103,CON->FL,15,0,16
103,CON->FL,16,0,16
103,CON->FL,17,0,16
103,CON->FL,18,0,16
103,CON->FL,19,0,16
103,CON->FL,20,0,16
104,CON->FL,1,0,17
104,CON->FL,2,0,17
104,CON->FL,3,0,17
104,CON->FL,4,0,17
104,CON->FL,5,0,17
104,CON->FL,6,0,17
104,CON->FL,7,0,17
104,CON->FL,8,0,17
104,CON->FL,9,0,17
104,CON->FL,10,0,17
104,CON->FL,11,0,17
104,CON->FL,12,0,17
104,CON->FL,13,0,17
104,CON->FL,14,0,17
104,CON->FL,15,0,17
104,CON->FL,16,0,17
104,CON->FL,17,0,17
104,CON->FL,18,0,17
104,CON->FL,19,0,17
104,CON->FL,20,0,17
105,FL->NC,1,0,17
105,FL->NC,2,0,17
105,FL->NC,3,0,17
105,FL->NC,4,0,17
105,FL->NC,5,0,17
105,FL->NC,6,0,17
105,FL->NC,7,0,17
105,FL->NC,8,0,17
105,FL->NC,9,0,17
105,FL->NC,10,0,17
105,FL->NC,11,0,17
105,FL->NC,12,0,17
105,FL->NC,13,0,17
105,FL->NC,14,0,17
105,FL->NC,15,0,17
105,FL->NC,16,0,17
105,FL->NC,17,0,17
105,FL->NC,18,0,17
105,FL->NC,19,0,17
105,FL->NC,20,0,17
106,CON->NC,1,0,18
106,CON->NC,2,0,18
106,CON->NC,3,0,18
106,CON->NC,4,0,18
106,CON->NC,5,30,18
106,CON->NC,6,0,18
106,CON->NC,7,0,18
106,CON->NC,8,0,18
106,CON->NC,9,0,18
106,CON->NC,10,0,18
106,CON->NC,11,32,18
106,CON->NC,12,0,18
106,CON->NC,13,0,18
106,CON->NC,14,0,18
106,CON->NC,15,0,18
106,CON->NC,16,0,18
106,CON->NC,17,0,18
106,CON->NC,18,0,18
106,CON->NC,19,0,18
106,CON->NC,20,0,18
107,CON->FL,1,0,18
107,CON->FL,2,0,18
107,CON->FL,3,0,18
107,CON->FL,4,0,18
107,CON->FL,5,0,18
107,CON->FL,6,0,18
107,CON->FL,7,12,18
107,CON->FL,8,0,18
107,CON->FL,9,0,18
107,CON->FL,10,0,18
107,CON->FL,11,13,18
107,CON->FL,12,0,18
107,CON->FL,13,0,18
107,CON->FL,14,0,18
107,CON->FL,15,0,18
107,CON->FL,16,0,18
107,CON->FL,17,0,18
107,CON->FL,18,0,18
107,CON->FL,19,0,18
107,CON->FL,20,0,18
108,CON->FL,1,0,19
108,CON->FL,2,0,19
108,CON->FL,3,0,19
108,CON->FL,4,0,19
108,CON->FL,5,0,19
108,CON->FL,6,0,19
108,CON->FL,7,0,19
108,CON->FL,8,0,19
108,CON->FL,9,0,19
108,CON->FL,10,0,19
108,CON->FL,11,0,19
108,CON->FL,12,0,19
108,CON->FL,13,0,19
108,CON->FL,14,0,19
108,CON->FL,15,0,19
108,CON->FL,16,0,19
108,CON->FL,17,0,19
108,CON->FL,18,0,19
108,CON->FL,19,0,19
108,CON->FL,20,0,19
109,CON->NC,1,0,19
109,CON->NC,2,0,19
109,CON->NC,3,0,19
109,CON->NC,4,0,19
109,CON->NC,5,0,19
109,CON->NC,6,0,19
109,CON->NC,7,0,19
109,CON->NC,8,0,19
109,CON->NC,9,0,19
109,CON->NC,10,0,19
109,CON->NC,11,0,19
109,CON->NC,12,0,19
109,CON->NC,13,0,19
109,CON->NC,14,0,19
109,CON->NC,15,0,19
109,CON->NC,16,0,19
109,CON->NC,17,0,19
109,CON->NC,18,0,19
109,CON->NC,19,0,19
109,CON->NC,20,0,19
110,CON->NC,1,36,20
110,CON->NC,2,0,20
110,CON->NC,3,0,20
110,CON->NC,4,0,20
110,CON->NC,5,37,20
110,CON->NC,6,0,20
110,CON->NC,7,0,20
110,CON->NC,8,0,20
110,CON->NC,9,0,20
110,CON->NC,10,0,20
110,CON->NC,11,0,20
110,CON->NC,12,0,20
110,CON->NC,13,0,20
110,CON->NC,14,0,20
110,CON->NC,15,0,20
110,CON->NC,16,0,20
110,CON->NC,17,0,20
110,CON->NC,18,0,20
110,CON->NC,19,31,20
110,CON->NC,20,0,20
111,NC->NC,1,0,19
111,NC->NC,2,0,19
111,NC->NC,3,22,19
111,NC->NC,4,0,19
111,NC->NC,5,0,19
111,NC->NC,6,0,19
111,NC->NC,7,0,19
111,NC->NC,8,0,19
111,NC->NC,9,0,19
111,NC->NC,10,0,19
111,NC->NC,11,0,19
111,NC->NC,12,0,19
111,NC->NC,13,0,19
111,NC->NC,14,0,19
111,NC->NC,15,22,19
111,NC->NC,16,0,19
111,NC->NC,17,0,19
111,NC->NC,18,0,19
111,NC->NC,19,0,19
111,NC->NC,20,0,19
112,NC->NC,1,0,20
112,NC->NC,2,0,20
112,NC->NC,3,0,20
112,NC->NC,4,0,20
112,NC->NC,5,0,20
112,NC->NC,6,0,20
112,NC->NC,7,0,20
112,NC->NC,8,0,20
112,NC->NC,9,19,20
112,NC->NC,10,0,20
112,NC->NC,11,0,20
112,NC->NC,12,0,20
112,NC->NC,13,36,20
112,NC->NC,14,0,20
112,NC->NC,15,0,20
112,NC->NC,16,0,20
112,NC->NC,17,0,20
112,NC->NC,18,0,20
112,NC->NC,19,0,20
112,NC->NC,20,0,20
113,FL->FL,1,0,18
113,FL->FL,2,0,18
113,FL->FL,3,0,18
113,FL->FL,4,0,18
113,FL->FL,5,0,18
113,FL->FL,6,0,18
113,FL->FL,7,0,18
113,FL->FL,8,0,18
113,FL->FL,9,0,18
113,FL->FL,10,0,18
113,FL->FL,11,0,18
113,FL->FL,12,0,18
113,FL->FL,13,0,18
113,FL->FL,14,0,18
113,FL->FL,15,0,18
113,FL->FL,16,0,18
113,FL->FL,17,13,18
113,FL->FL,18,0,18
113,FL->FL,19,0,18
113,FL->FL,20,0,18
114,CON->FL,1,0,20
114,CON->FL,2,0,20
114,CON->FL,3,19,20
114,CON->FL,4,0,20
114,CON->FL,5,0,20
114,CON->FL,6,0,20
114,CON->FL,7,26,20
114,CON->FL,8,0,20
114,CON->FL,9,0,20
114,CON->FL,10,0,20
114,CON->FL,11,0,20
114,CON->FL,12,0,20
114,CON->FL,13,22,20
114,CON->FL,14,0,20
114,CON->FL,15,0,20
114,CON->FL,16,0,20
114,CON->FL,17,19,20
114,CON->FL,18,0,20
114,CON->FL,19,39,20
114,CON->FL,20,0,20
115,FL->NC,1,0,18
115,FL->NC,2,0,18
115,FL->NC,3,0,18
115,FL->NC,4,0,18
115,FL->NC,5,0,18
115,FL->NC,6,0,18
115,FL->NC,7,20,18
115,FL->NC,8,0,18
115,FL->NC,9,22,18
115,FL->NC,10,0,18
115,FL->NC,11,0,18
115,FL->NC,12,0,18
115,FL->NC,13,0,18
115,FL->NC,14,0,18
115,FL->NC,15,22,18
115,FL->NC,16,0,18
115,FL->NC,17,22,18
115,FL->NC,18,0,18
115,FL->NC,19,0,18
115,FL->NC,20,0,18
116,FL->NC,1,24,19
116,FL->NC,2,0,19
116,FL->NC,3,19,19
116,FL->NC,4,0,19
116,FL->NC,5,0,19
116,FL->NC,6,0,19
116,FL->NC,7,0,19
116,FL->NC,8,0,19
116,FL->NC,9,27,19
116,FL->NC,10,0,19
116,FL->NC,11,0,19
116,FL->NC,12,0,19
116,FL->NC,13,0,19
116,FL->NC,14,0,19
116,FL->NC,15,0,19
116,FL->NC,16,0,19
116,FL->NC,17,0,19
116,FL->NC,18,0,19
116,FL->NC,19,26,19
116,FL->NC,20,0,19
117,FL->FL,1,0,19
117,FL->FL,2,0,19
117,FL->FL,3,0,19
117,FL->FL,4,0,19
117,FL->FL,5,0,19
117,FL->FL,6,0,19
117,FL->FL,7,0,19
117,FL->FL,8,0,19
117,FL->FL,9,0,19
117,FL->FL,10,0,19
117,FL->FL,11,0,19
117,FL->FL,12,0,19
117,FL->FL,13,0,19
117,FL->FL,14,0,19
117,FL->FL,15,0,19
117,FL->FL,16,0,19
117,FL->FL,17,0,19
117,FL->FL,18,0,19
117,FL->FL,19,0,19
117,FL->FL,20,0,19
118,NC->FL,1,0,20
118,NC->FL,2,0,20
118,NC->FL,3,0,20
118,NC->FL,4,0,20
118,NC->FL,5,0,20
118,NC->FL,6,0,20
118,NC->FL,7,0,20
118,NC->FL,8,0,20
118,NC->FL,9,0,20
118,NC->FL,10,0,20
118,NC->FL,11,0,20
118,NC->FL,12,0,20
118,NC->FL,13,0,20
118,NC->FL,14,0,20
118,NC->FL,15,0,20
118,NC->FL,16,0,20
118,NC->FL,17,0,20
118,NC->FL,18,0,20
118,NC->FL,19,0,20
118,NC->FL,20,0,20
119,FL->FL,1,0,20
119,FL->FL,2,0,20
119,FL->FL,3,0,20
119,FL->FL,4,0,20
119,FL->FL,5,0,20
119,FL->FL,6,0,20
119,FL->FL,7,0,20
119,FL->FL,8,0,20
119,FL->FL,9,0,20
119,FL->FL,10,0,20
119,FL->FL,11,0,20
119,FL->FL,12,0,20
119,FL->FL,13,0,20
119,FL->FL,14,0,20
119,FL->FL,15,0,20
119,FL->FL,16,0,20
119,FL->FL,17,0,20
119,FL->FL,18,0,20
119,FL->FL,19,19,20
119,FL->FL,20,0,20
120,FL->NC,1,0,20
120,FL->NC,2,0,20
120,FL->NC,3,13,20
120,FL->NC,4,0,20
120,FL->NC,5,0,20
120,FL->NC,6,0,20
120,FL->NC,7,19,20
120,FL->NC,8,0,20
120,FL->NC,9,26,20
120,FL->NC,10,27,20
120,FL->NC,11,0,20
120,FL->NC,12,0,20
120,FL->NC,13,22,20
120,FL->NC,14,0,20
120,FL->NC,15,0,20
120,FL->NC,16,0,20
120,FL->NC,17,0,20
120,FL->NC,18,0,20
120,FL->NC,19,0,20
120,FL->NC,20,0,20
