Plant #,Treatment,Germinant #,Germination Day,Height (on germination day) ,Root Length (mm),Root Weight (g),Total Weight (g),AGB Weight (g),notes,extra notes,,,,,,,,,,,,,,,,
1,NC_FL,1A,,,,,,,,Day 0 of experiment: 1/16,,,,,,,,,,,,,,,,
1,NC_FL,1B,,,,,,,,Snow storm settled on 1/24,,,,,,,,,,,,,,,,
1,NC_FL,2A,,,,,,,,"Was able to return to GH 1/28,1/29,1/30",,,,,,,,,,,,,,,repeat,start
1,NC_FL,2B,,,,,,,,Snowed again 1/31,,,,,,,,,,,,,,,20,1
1,NC_FL,3A,,,,,,,,Able to return 2/4,,,,,,,,,,,,,,,step,stop
1,NC_FL,3B,,,,,,,,,,,,,,,,,,,,,,,1,120
1,NC_FL,4A,29,4,98.42,0.0011,0.0036,0.0025,,,,,,,,,,,,,,,,,,
1,NC_FL,4B,,,,,,,,,,,,,,,,,,,,,,,,
1,NC_FL,5A,34,9,60.55,0,0.0025,0.0025,no root present,,,,,,,,,,,,,,,,,
1,NC_FL,5B,,,,,,,,,,,,,,,,,,,,,,,,
1,NC_FL,6A,,,,,,,,,,,,,,,,,,,,,,,,
1,NC_FL,6B,,,,,,,,,,,,,,,,,,,,,,,,
1,NC_FL,7A,31,10,74.09,0.0006,0.003,0.0024,,,,,,,,,,,,,,,,,,
1,NC_FL,7B,,,,,,,,,,,,,,,,,,,,,,,,
1,NC_FL,8A,20,3,133.07,0.0015,0.0046,0.0031,,,,,,,,,,,,,,,,,,
1,NC_FL,8B,22,4,80.01,0.0015,0.0048,0.0033,,,,,,,,,,,,,,,,,,
1,NC_FL,9A,26,3,81.81,0.0015,0.0039,0.0024,,,,,,,,,,,,,,,,,,
1,NC_FL,9B,27,4,97.92,0.001,0.0037,0.0027,,,,,,,,,,,,,,,,,,
1,NC_FL,10A,,,,,,,,,,,,,,,,,,,,,,,,
1,NC_FL,10B,,,,,,,,,,,,,,,,,,,,,,,,
2,CON_NC,1A,,,,,,,,,,,,,,,,,,,,,,,,
2,CON_NC,1B,,,,,,,,,,,,,,,,,,,,,,,,
2,CON_NC,2A,,,,,,,,,,,,,,,,,,,,,,,,
2,CON_NC,2B,,,,,,,,,,,,,,,,,,,,,,,,
2,CON_NC,3A,,,,,,,,,,,,,,,,,,,,,,,,
2,CON_NC,3B,,,,,,,,,,,,,,,,,,,,,,,,
2,CON_NC,4A,35,4,42.52,0,0.0011,0.0011,no root present,,,,,,,,,,,,,,,,,
2,CON_NC,4B,,,,,,,,,,,,,,,,,,,,,,,,
2,CON_NC,5A,,,,,,,,,,,,,,,,,,,,,,,,
2,CON_NC,5B,,,,,,,,,,,,,,,,,,,,,,,,
2,CON_NC,6A,,,,,,,,,,,,,,,,,,,,,,,,
2,CON_NC,6B,,,,,,,,,,,,,,,,,,,,,,,,
2,CON_NC,7A,,,,,,,,,,,,,,,,,,,,,,,,
2,CON_NC,7B,,,,,,,,,,,,,,,,,,,,,,,,
2,CON_NC,8A,,,,,,,,,,,,,,,,,,,,,,,,
2,CON_NC,8B,,,,,,,,,,,,,,,,,,,,,,,,
2,CON_NC,9A,22,9,56.86,0.001,0.0041,0.0031,,,,,,,,,,,,,,,,,,
2,CON_NC,9B,,,,,,,,,,,,,,,,,,,,,,,,
2,CON_NC,10A,,,,,,,,,,,,,,,,,,,,,,,,
2,CON_NC,10B,,,,,,,,,,,,,,,,,,,,,,,,
3,FL_FL,1A,26,6,73.05,0.0004,0.0033,0.0029,,,,,,,,,,,,,,,,,,
3,FL_FL,1B,,,,,,,,,,,,,,,,,,,,,,,,
3,FL_FL,2A,,,,,,,,,,,,,,,,,,,,,,,,
3,FL_FL,2B,,,,,,,,,,,,,,,,,,,,,,,,
3,FL_FL,3A,32,6,79.69,0.0002,0.0034,0.0032,,,,,,,,,,,,,,,,,,
3,FL_FL,3B,,,,,,,,,,,,,,,,,,,,,,,,
3,FL_FL,4A,19,10,99.73,0.0011,0.0047,0.0036,,,,,,,,,,,,,,,,,,
3,FL_FL,4B,,,,,,,,,,,,,,,,,,,,,,,,
3,FL_FL,5A,,,62.77,0.0004,0.0026,0.0022,,,,,,,,,,,,,,,,,,
3,FL_FL,5B,,,,,,,,,,,,,,,,,,,,,,,,
3,FL_FL,6A,32,5,112.41,0.0018,0.0079,0.0061,,,,,,,,,,,,,,,,,,
3,FL_FL,6B,,,,,,,,,,,,,,,,,,,,,,,,
3,FL_FL,7A,,,,,,,,,,,,,,,,,,,,,,,,
3,FL_FL,7B,,,,,,,,,,,,,,,,,,,,,,,,
3,FL_FL,8A,,,,,,,,,,,,,,,,,,,,,,,,
3,FL_FL,8B,,,,,,,,,,,,,,,,,,,,,,,,
3,FL_FL,9A,,,,,,,,,,,,,,,,,,,,,,,,
3,FL_FL,9B,,,,,,,,,,,,,,,,,,,,,,,,
3,FL_FL,10A,,,,,,,,,,,,,,,,,,,,,,,,
3,FL_FL,10B,,,,,,,,,,,,,,,,,,,,,,,,
4,CON_FL,1A,19,8,64.5,0.0003,0.0026,0.0023,,,,,,,,,,,,,,,,,,
4,CON_FL,1B,,,,,,,,,,,,,,,,,,,,,,,,
4,CON_FL,2A,19,18,123.82,0.0018,0.0063,0.0045,,,,,,,,,,,,,,,,,,
4,CON_FL,2B,,,,,,,,,,,,,,,,,,,,,,,,
4,CON_FL,3A,,,,,,,,,,,,,,,,,,,,,,,,
4,CON_FL,3B,,,,,,,,,,,,,,,,,,,,,,,,
4,CON_FL,4A,19,5,109.48,0.0007,0.0039,0.0032,,,,,,,,,,,,,,,,,,
4,CON_FL,4B,,,,,,,,,,,,,,,,,,,,,,,,
4,CON_FL,5A,19,17,145.75,0.0012,0.0049,0.0037,,,,,,,,,,,,,,,,,,
4,CON_FL,5B,19,7,153.69,0.0007,0.0056,0.0049,,,,,,,,,,,,,,,,,,
4,CON_FL,6A,19,5,134.14,0.0019,0.0051,0.0032,,,,,,,,,,,,,,,,,,
4,CON_FL,6B,,,,,,,,,,,,,,,,,,,,,,,,
4,CON_FL,7A,19,17,141.43,0.0025,0.0075,0.005,,,,,,,,,,,,,,,,,,
4,CON_FL,7B,,,,,,,,,,,,,,,,,,,,,,,,
4,CON_FL,8A,19,2,118.92,0.0018,0.0053,0.0035,,,,,,,,,,,,,,,,,,
4,CON_FL,8B,22,9,80.67,0.0005,0.0048,0.0043,,,,,,,,,,,,,,,,,,
4,CON_FL,9A,,,,,,,,,,,,,,,,,,,,,,,,
4,CON_FL,9B,,,,,,,,,,,,,,,,,,,,,,,,
4,CON_FL,10A,,,,,,,,,,,,,,,,,,,,,,,,
4,CON_FL,10B,,,,,,,,,,,,,,,,,,,,,,,,
5,CON_FL,1A,19,3,69.42,0.0008,0.0059,0.0051,,,,,,,,,,,,,,,,,,
5,CON_FL,1B,,,,,,,,,,,,,,,,,,,,,,,,
5,CON_FL,2A,,,,,,,,,,,,,,,,,,,,,,,,
5,CON_FL,2B,,,,,,,,,,,,,,,,,,,,,,,,
5,CON_FL,3A,22,6,29.41,0.0001,0.0022,0.0021,,,,,,,,,,,,,,,,,,
5,CON_FL,3B,,,,,,,,,,,,,,,,,,,,,,,,
5,CON_FL,4A,20,2,120.18,0.0018,0.0047,0.0029,,,,,,,,,,,,,,,,,,
5,CON_FL,4B,,,,,,,,,,,,,,,,,,,,,,,,
5,CON_FL,5A,19,25,119.86,0.0008,0.0034,0.0026,,,,,,,,,,,,,,,,,,
5,CON_FL,5B,19,16,131.08,0.0007,0.0045,0.0038,,,,,,,,,,,,,,,,,,
5,CON_FL,6A,19,8,150.48,0.0009,0.0047,0.0038,,,,,,,,,,,,,,,,,,
5,CON_FL,6B,19,4,140.87,0.0011,0.0041,0.003,,,,,,,,,,,,,,,,,,
5,CON_FL,7A,19,7,160.09,0.0014,0.005,0.0036,,,,,,,,,,,,,,,,,,
5,CON_FL,7B,19,2,177.13,0.0015,0.0043,0.0028,,,,,,,,,,,,,,,,,,
5,CON_FL,8A,,,,,,,,,,,,,,,,,,,,,,,,
5,CON_FL,8B,,,,,,,,,,,,,,,,,,,,,,,,
5,CON_FL,9A,19,4,135.09,0.001,0.005,0.004,,,,,,,,,,,,,,,,,,
5,CON_FL,9B,,,,,,,,,,,,,,,,,,,,,,,,
5,CON_FL,10A,19,11,139.33,0.0016,0.0045,0.0029,,,,,,,,,,,,,,,,,,
5,CON_FL,10B,,,,,,,,,,,,,,,,,,,,,,,,
6,FL_FL,1A,22,3,98.36,0.001,0.0038,0.0028,,,,,,,,,,,,,,,,,,
6,FL_FL,1B,,,,,,,,,,,,,,,,,,,,,,,,
6,FL_FL,2A,19,4,85.26,0.0004,0.003,0.0026,,,,,,,,,,,,,,,,,,
6,FL_FL,2B,22,3,107.22,0.0015,0.0078,0.0063,,,,,,,,,,,,,,,,,,
6,FL_FL,3A,,,,,,,,,,,,,,,,,,,,,,,,
6,FL_FL,3B,,,,,,,,,,,,,,,,,,,,,,,,
6,FL_FL,4A,19,10,50.79,0.0004,0.0058,0.0054,,,,,,,,,,,,,,,,,,
6,FL_FL,4B,,,,,,,,,,,,,,,,,,,,,,,,
6,FL_FL,5A,,,,,,,,,,,,,,,,,,,,,,,,
6,FL_FL,5B,,,,,,,,,,,,,,,,,,,,,,,,
6,FL_FL,6A,19,16,100.19,0.0017,0.0054,0.0037,,,,,,,,,,,,,,,,,,
6,FL_FL,6B,19,9,120.92,0.0012,0.007,0.0058,,,,,,,,,,,,,,,,,,
6,FL_FL,7A,19,9,66.62,0.0005,0.0047,0.0042,,,,,,,,,,,,,,,,,,
6,FL_FL,7B,19,6,67.25,0.0016,0.0055,0.0039,,,,,,,,,,,,,,,,,,
6,FL_FL,8A,19,2,78.91,0.0016,0.0052,0.0036,,,,,,,,,,,,,,,,,,
6,FL_FL,8B,19,1,85.83,0.0013,0.0056,0.0043,,,,,,,,,,,,,,,,,,
6,FL_FL,9A,,,,,,,,,,,,,,,,,,,,,,,,
6,FL_FL,9B,,,,,,,,,,,,,,,,,,,,,,,,
6,FL_FL,10A,19,14,56.2,0.0009,0.0057,0.0048,,,,,,,,,,,,,,,,,,
6,FL_FL,10B,19,8,66.37,0.0006,0.0041,0.0035,,,,,,,,,,,,,,,,,,
7,CON_NC,1A,,,,,,,,,,,,,,,,,,,,,,,,
7,CON_NC,1B,,,,,,,,,,,,,,,,,,,,,,,,
7,CON_NC,2A,,,,,,,,,,,,,,,,,,,,,,,,
7,CON_NC,2B,,,,,,,,,,,,,,,,,,,,,,,,
7,CON_NC,3A,,,,,,,,,,,,,,,,,,,,,,,,
7,CON_NC,3B,,,,,,,,,,,,,,,,,,,,,,,,
7,CON_NC,4A,22,9,129.88,0.0015,0.0039,0.0024,,,,,,,,,,,,,,,,,,
7,CON_NC,4B,,,,,,,,,,,,,,,,,,,,,,,,
7,CON_NC,5A,19,8,43.76,0.0003,0.0018,0.0015,,,,,,,,,,,,,,,,,,
7,CON_NC,5B,,,,,,,,,,,,,,,,,,,,,,,,
7,CON_NC,6A,24,7,116.23,0.0003,0.0029,0.0026,,,,,,,,,,,,,,,,,,
7,CON_NC,6B,31,4,94.3,0.0005,0.0032,0.0027,,,,,,,,,,,,,,,,,,
7,CON_NC,7A,22,12,59.98,0.0006,0.0039,0.0033,,,,,,,,,,,,,,,,,,
7,CON_NC,7B,22,11,172.06,0.0014,0.0042,0.0028,,,,,,,,,,,,,,,,,,
7,CON_NC,8A,,,,,,,,,,,,,,,,,,,,,,,,
7,CON_NC,8B,,,,,,,,,,,,,,,,,,,,,,,,
7,CON_NC,9A,20,3,138.58,0.0013,0.0063,0.005,,,,,,,,,,,,,,,,,,
7,CON_NC,9B,,,,,,,,,,,,,,,,,,,,,,,,
7,CON_NC,10A,,,,,,,,,,,,,,,,,,,,,,,,
7,CON_NC,10B,,,,,,,,,,,,,,,,,,,,,,,,
8,CON_NC,1A,24,6,83.66,0.0008,0.0036,0.0028,,,,,,,,,,,,,,,,,,
8,CON_NC,1B,,,,,,,,,,,,,,,,,,,,,,,,
8,CON_NC,2A,,,,,,,,,,,,,,,,,,,,,,,,
8,CON_NC,2B,,,,,,,,,,,,,,,,,,,,,,,,
8,CON_NC,3A,,,,,,,,,,,,,,,,,,,,,,,,
8,CON_NC,3B,,,,,,,,,,,,,,,,,,,,,,,,
8,CON_NC,4A,20,4,66.43,0.0011,0.005,0.0039,,,,,,,,,,,,,,,,,,
8,CON_NC,4B,,,,,,,,,,,,,,,,,,,,,,,,
8,CON_NC,5A,,,,,,,,,,,,,,,,,,,,,,,,
8,CON_NC,5B,,,,,,,,,,,,,,,,,,,,,,,,
8,CON_NC,6A,19,1,67.15,0.0013,0.0046,0.0033,,,,,,,,,,,,,,,,,,
8,CON_NC,6B,26,5,96.23,0.0007,0.0032,0.0025,,,,,,,,,,,,,,,,,,
8,CON_NC,7A,24,10,89.17,0.0013,0.0049,0.0036,,,,,,,,,,,,,,,,,,
8,CON_NC,7B,,,,,,,,,,,,,,,,,,,,,,,,
8,CON_NC,8A,19,20,61.87,0.0013,0.0066,0.0053,,,,,,,,,,,,,,,,,,
8,CON_NC,8B,,,,,,,,,,,,,,,,,,,,,,,,
8,CON_NC,9A,,,,,,,,,,,,,,,,,,,,,,,,
8,CON_NC,9B,,,,,,,,,,,,,,,,,,,,,,,,
8,CON_NC,10A,20,3,64.53,0.0008,0.0039,0.0031,,,,,,,,,,,,,,,,,,
8,CON_NC,10B,,,,,,,,,,,,,,,,,,,,,,,,
9,CON_NC,1A,,,,,,,,,,,,,,,,,,,,,,,,
9,CON_NC,1B,,,,,,,,,,,,,,,,,,,,,,,,
9,CON_NC,2A,,,,,,,,,,,,,,,,,,,,,,,,
9,CON_NC,2B,,,,,,,,,,,,,,,,,,,,,,,,
9,CON_NC,3A,,,,,,,,,,,,,,,,,,,,,,,,
9,CON_NC,3B,,,,,,,,,,,,,,,,,,,,,,,,
9,CON_NC,4A,,,,,,,,,,,,,,,,,,,,,,,,
9,CON_NC,4B,,,,,,,,,,,,,,,,,,,,,,,,
9,CON_NC,5A,,,,,,,,,,,,,,,,,,,,,,,,
9,CON_NC,5B,,,,,,,,,,,,,,,,,,,,,,,,
9,CON_NC,6A,,,,,,,,,,,,,,,,,,,,,,,,
9,CON_NC,6B,,,,,,,,,,,,,,,,,,,,,,,,
9,CON_NC,7A,,,,,,,,,,,,,,,,,,,,,,,,
9,CON_NC,7B,,,,,,,,,,,,,,,,,,,,,,,,
9,CON_NC,8A,,,,,,,,,,,,,,,,,,,,,,,,
9,CON_NC,8B,,,,,,,,,,,,,,,,,,,,,,,,
9,CON_NC,9A,29,7,53.56,0.0006,0.0033,0.0027,,,,,,,,,,,,,,,,,,
9,CON_NC,9B,33,3,39.33,0.0004,0.0019,0.0015,,,,,,,,,,,,,,,,,,
9,CON_NC,10A,,,,,,,,,,,,,,,,,,,,,,,,
9,CON_NC,10B,,,,,,,,,,,,,,,,,,,,,,,,
10,FL_FL,1A,13,,123.28,0.0011,0.0053,0.0042,,,,,,,,,,,,,,,,,,
10,FL_FL,1B,,,,0,0.0016,0.0016,"no root found, germ day unknown??",,,,,,,,,,,,,,,,,
10,FL_FL,2A,,,,,,,,,,,,,,,,,,,,,,,,
10,FL_FL,2B,,,,,,,,,,,,,,,,,,,,,,,,
10,FL_FL,3A,,,,,,,,,,,,,,,,,,,,,,,,
10,FL_FL,3B,,,,,,,,,,,,,,,,,,,,,,,,
10,FL_FL,4A,19,3,141.72,0.0014,0.0053,0.0039,,,,,,,,,,,,,,,,,,
10,FL_FL,4B,24,5,,,,,germ not found,,,,,,,,,,,,,,,,,
10,FL_FL,5A,19,4,29.46,0.0004,0.0016,0.0012,"no seed capsule present, AGW weight lower",,,,,,,,,,,,,,,,,
10,FL_FL,5B,24,6,10.11,0.0004,0.0009,0.0005,,,,,,,,,,,,,,,,,,
10,FL_FL,6A,19,20,128.03,0.001,0.0046,0.0036,,,,,,,,,,,,,,,,,,
10,FL_FL,6B,19,18,63.67,0.0009,0.0043,0.0034,,,,,,,,,,,,,,,,,,
10,FL_FL,7A,19,8,150.35,0.0024,0.0072,0.0048,,,,,,,,,,,,,,,,,,
10,FL_FL,7B,,,,,,,,,,,,,,,,,,,,,,,,
10,FL_FL,8A,25,3,123.04,0.0017,0.007,0.0053,,,,,,,,,,,,,,,,,,
10,FL_FL,8B,,,,,,,,,,,,,,,,,,,,,,,,
10,FL_FL,9A,,,,,,,,,,,,,,,,,,,,,,,,
10,FL_FL,9B,,,,,,,,,,,,,,,,,,,,,,,,
10,FL_FL,10A,19,3,123.15,0.0022,0.0112,0.009,,,,,,,,,,,,,,,,,,
10,FL_FL,10B,,,,,,,,,,,,,,,,,,,,,,,,
11,NC_NC,1A,19,5,42.15,0.0008,0.0057,0.0049,,,,,,,,,,,,,,,,,,
11,NC_NC,1B,19,4,44.72,0.0014,0.0071,0.0057,,,,,,,,,,,,,,,,,,
11,NC_NC,2A,24,3,64.62,0.0002,0.0021,0.0019,,,,,,,,,,,,,,,,,,
11,NC_NC,2B,,,,,,,,,,,,,,,,,,,,,,,,
11,NC_NC,3A,,,,,,,,,,,,,,,,,,,,,,,,
11,NC_NC,3B,,,,,,,,,,,,,,,,,,,,,,,,
11,NC_NC,4A,36,11,37.18,0,0.0012,0.0012,no root present,,,,,,,,,,,,,,,,,
11,NC_NC,4B,,,62.47,0.0007,0.0022,0.0015,,,,,,,,,,,,,,,,,,
11,NC_NC,5A,29,10,91.87,0.0009,0.0042,0.0033,,,,,,,,,,,,,,,,,,
11,NC_NC,5B,,,,,,,,,,,,,,,,,,,,,,,,
11,NC_NC,6A,37,6,57.87,0.0005,0.0023,0.0018,,,,,,,,,,,,,,,,,,
11,NC_NC,6B,,,,,,,,,,,,,,,,,,,,,,,,
11,NC_NC,7A,37,5,151.08,0.0008,0.002,0.0012,,,,,,,,,,,,,,,,,,
11,NC_NC,7B,,,,,,,,,,,,,,,,,,,,,,,,
11,NC_NC,8A,,,,,,,,,,,,,,,,,,,,,,,,
11,NC_NC,8B,,,,,,,,,,,,,,,,,,,,,,,,
11,NC_NC,9A,28,4,84.8,0.0018,0.0042,0.0024,,,,,,,,,,,,,,,,,,
11,NC_NC,9B,,,,,,,,,,,,,,,,,,,,,,,,
11,NC_NC,10A,,,,,,,,,,,,,,,,,,,,,,,,
11,NC_NC,10B,,,,,,,,,,,,,,,,,,,,,,,,
12,FL_FL,1A,,,,,,,pot fell on 1/28 so this is day 0 now,,,,,,,,,,,,,,,,,
12,FL_FL,1B,,,,,,,,,,,,,,,,,,,,,,,,
12,FL_FL,2A,,,,,,,,,,,,,,,,,,,,,,,,
12,FL_FL,2B,,,,,,,,,,,,,,,,,,,,,,,,
12,FL_FL,3A,,,,,,,,,,,,,,,,,,,,,,,,
12,FL_FL,3B,,,,,,,,,,,,,,,,,,,,,,,,
12,FL_FL,4A,36,6,33.47,0.0002,0.0024,0.0022,,,,,,,,,,,,,,,,,,
12,FL_FL,4B,,,,,,,,,,,,,,,,,,,,,,,,
12,FL_FL,5A,37,6,39.24,0.0001,0.0018,0.0017,,,,,,,,,,,,,,,,,,
12,FL_FL,5B,38,3,43.85,0.0001,0.0014,0.0013,,,,,,,,,,,,,,,,,,
12,FL_FL,6A,19,5,76.53,0.0011,0.0067,0.0056,,,,,,,,,,,,,,,,,,
12,FL_FL,6B,22,24,37.83,0.0012,0.007,0.0058,,,,,,,,,,,,,,,,,,
12,FL_FL,7A,,,,,,,,,,,,,,,,,,,,,,,,
12,FL_FL,7B,,,,,,,,,,,,,,,,,,,,,,,,
12,FL_FL,8A,27,5,38.59,0.0003,0.0028,0.0025,,,,,,,,,,,,,,,,,,
12,FL_FL,8B,,,,,,,,,,,,,,,,,,,,,,,,
12,FL_FL,9A,,,,,,,,,,,,,,,,,,,,,,,,
12,FL_FL,9B,,,,,,,,,,,,,,,,,,,,,,,,
12,FL_FL,10A,29,7,66.19,0.0011,0.0041,0.003,,,,,,,,,,,,,,,,,,
12,FL_FL,10B,,,,,,,,,,,,,,,,,,,,,,,,
13,FL_FL,1A,36,6,113.91,0.0005,0.0025,0.002,,,,,,,,,,,,,,,,,,
13,FL_FL,1B,,,,,,,,,,,,,,,,,,,,,,,,
13,FL_FL,2A,,,,,,,,,,,,,,,,,,,,,,,,
13,FL_FL,2B,,,,,,,,,,,,,,,,,,,,,,,,
13,FL_FL,3A,12,8,92.3,0.0025,0.0117,0.0092,,,,,,,,,,,,,,,,,,
13,FL_FL,3B,,,,,,,,,,,,,,,,,,,,,,,,
13,FL_FL,4A,12,3,64.77,0.0026,0.0115,0.0089,,,,,,,,,,,,,,,,,,
13,FL_FL,4B,,,,,,,,,,,,,,,,,,,,,,,,
13,FL_FL,5A,19,3,94.88,0.0007,0.004,0.0033,,,,,,,,,,,,,,,,,,
13,FL_FL,5B,,,,,,,,,,,,,,,,,,,,,,,,
13,FL_FL,6A,19,25,77.11,0.001,0.0063,0.0053,,,,,,,,,,,,,,,,,,
13,FL_FL,6B,,,,,,,,,,,,,,,,,,,,,,,,
13,FL_FL,7A,,,,,,,,,,,,,,,,,,,,,,,,
13,FL_FL,7B,,,,,,,,,,,,,,,,,,,,,,,,
13,FL_FL,8A,,,,,,,,,,,,,,,,,,,,,,,,
13,FL_FL,8B,,,,,,,,,,,,,,,,,,,,,,,,
13,FL_FL,9A,13,2,102.27,0.0014,0.0066,0.0052,,,,,,,,,,,,,,,,,,
13,FL_FL,9B,,,,,,,,,,,,,,,,,,,,,,,,
13,FL_FL,10A,13,2,150.64,0.0021,0.0077,0.0056,,,,,,,,,,,,,,,,,,
13,FL_FL,10B,19,3,108.92,0.0013,0.0057,0.0044,,,,,,,,,,,,,,,,,,
14,NC_FL,1A,,,,,,,,,,,,,,,,,,,,,,,,
14,NC_FL,1B,,,,,,,,,,,,,,,,,,,,,,,,
14,NC_FL,2A,,,,,,,,,,,,,,,,,,,,,,,,
14,NC_FL,2B,,,,,,,,,,,,,,,,,,,,,,,,
14,NC_FL,3A,,,,,,,,,,,,,,,,,,,,,,,,
14,NC_FL,3B,,,,,,,,,,,,,,,,,,,,,,,,
14,NC_FL,4A,24,7,76.32,0.0011,0.0063,0.0052,,,,,,,,,,,,,,,,,,
14,NC_FL,4B,,,,,,,,,,,,,,,,,,,,,,,,
14,NC_FL,5A,,,,,,,,,,,,,,,,,,,,,,,,
14,NC_FL,5B,,,,,,,,,,,,,,,,,,,,,,,,
14,NC_FL,6A,,,,,,,,,,,,,,,,,,,,,,,,
14,NC_FL,6B,,,,,,,,,,,,,,,,,,,,,,,,
14,NC_FL,7A,22,5,81.32,0.0013,0.0053,0.004,,,,,,,,,,,,,,,,,,
14,NC_FL,7B,,,,,,,,,,,,,,,,,,,,,,,,
14,NC_FL,8A,,,,,,,,,,,,,,,,,,,,,,,,
14,NC_FL,8B,,,,,,,,,,,,,,,,,,,,,,,,
14,NC_FL,9A,19,10,112.06,0.0019,0.0077,0.0058,,,,,,,,,,,,,,,,,,
14,NC_FL,9B,22,5,117.78,0.0011,0.0051,0.004,,,,,,,,,,,,,,,,,,
14,NC_FL,10A,19,11,73.25,0.0005,0.0039,0.0034,,,,,,,,,,,,,,,,,,
14,NC_FL,10B,19,9,77.15,0.0014,0.0079,0.0065,,,,,,,,,,,,,,,,,,
15,NC_NC,1A,,,,,,,,,,,,,,,,,,,,,,,,
15,NC_NC,1B,,,,,,,,,,,,,,,,,,,,,,,,
15,NC_NC,2A,36,4,21.56,0.0003,0.0018,0.0015,,,,,,,,,,,,,,,,,,
15,NC_NC,2B,,,,,,,,,,,,,,,,,,,,,,,,
15,NC_NC,3A,,,,,,,,,,,,,,,,,,,,,,,,
15,NC_NC,3B,,,,,,,,,,,,,,,,,,,,,,,,
15,NC_NC,4A,31,4,42.12,0.0002,0.0027,0.0025,,,,,,,,,,,,,,,,,,
15,NC_NC,4B,,,,,,,,,,,,,,,,,,,,,,,,
15,NC_NC,5A,,,,,,,,,,,,,,,,,,,,,,,,
15,NC_NC,5B,,,,,,,,,,,,,,,,,,,,,,,,
15,NC_NC,6A,,,,,,,,,,,,,,,,,,,,,,,,
15,NC_NC,6B,,,,,,,,,,,,,,,,,,,,,,,,
15,NC_NC,7A,33,7,62.75,0.0003,0.0025,0.0022,,,,,,,,,,,,,,,,,,
15,NC_NC,7B,,,,,,,,,,,,,,,,,,,,,,,,
15,NC_NC,8A,,,,,,,,,,,,,,,,,,,,,,,,
15,NC_NC,8B,,,,,,,,,,,,,,,,,,,,,,,,
15,NC_NC,9A,,,,,,,,,,,,,,,,,,,,,,,,
15,NC_NC,9B,,,,0.0004,0.0025,0.0021,,,,,,,,,,,,,,,,,,
15,NC_NC,10A,,,,,,,,,,,,,,,,,,,,,,,,
15,NC_NC,10B,,,,,,,,,,,,,,,,,,,,,,,,
16,NC_FL,1A,28,5,62.76,0.0006,0.003,0.0024,,,,,,,,,,,,,,,,,,
16,NC_FL,1B,,,,,,,,,,,,,,,,,,,,,,,,
16,NC_FL,2A,14,2,65.59,,,,,,,,,,,,,,,,,,,,,
16,NC_FL,2B,37,9,18.24,0.001,0.0021,0.0011,,,,,,,,,,,,,,,,,,
16,NC_FL,3A,,,,,,,,,,,,,,,,,,,,,,,,
16,NC_FL,3B,,,,,,,,,,,,,,,,,,,,,,,,
16,NC_FL,4A,22,6,108.62,0.0014,0.0045,0.0031,,,,,,,,,,,,,,,,,,
16,NC_FL,4B,,,,,,,,,,,,,,,,,,,,,,,,
16,NC_FL,5A,20,2,134.05,0.0013,0.0055,0.0042,,,,,,,,,,,,,,,,,,
16,NC_FL,5B,31,5,88.72,0.0002,0.0021,0.0019,,,,,,,,,,,,,,,,,,
16,NC_FL,6A,31,6,10.27,0.0014,0.0019,0.0005,,,,,,,,,,,,,,,,,,
16,NC_FL,6B,,,,,,,,,,,,,,,,,,,,,,,,
16,NC_FL,7A,,,,,,,,,,,,,,,,,,,,,,,,
16,NC_FL,7B,,,,,,,,,,,,,,,,,,,,,,,,
16,NC_FL,8A,19,4,102.26,0.0015,0.0048,0.0033,,,,,,,,,,,,,,,,,,
16,NC_FL,8B,,,,,,,,,,,,,,,,,,,,,,,,
16,NC_FL,9A,22,10,115.78,0.0019,0.0063,0.0044,,,,,,,,,,,,,,,,,,
16,NC_FL,9B,,,,,,,,,,,,,,,,,,,,,,,,
16,NC_FL,10A,29,4,34.01,0.0004,0.002,0.0016,,,,,,,,,,,,,,,,,,
16,NC_FL,10B,39,5,10.59,0.0001,0.002,0.0019,most of root missing,,,,,,,,,,,,,,,,,
17,NC_FL,1A,19,5,116.81,0.0024,0.008,0.0056,,,,,,,,,,,,,,,,,,
17,NC_FL,1B,,,,,,,,,,,,,,,,,,,,,,,,
17,NC_FL,2A,,,,,,,,,,,,,,,,,,,,,,,,
17,NC_FL,2B,,,,,,,,,,,,,,,,,,,,,,,,
17,NC_FL,3A,19,6,38.55,0.0005,0.006,0.0055,,,,,,,,,,,,,,,,,,
17,NC_FL,3B,,,,,,,,,,,,,,,,,,,,,,,,
17,NC_FL,4A,19,13,110.6,0.0011,0.0088,0.0077,,,,,,,,,,,,,,,,,,
17,NC_FL,4B,34,7,32.66,0.0037,0.0056,0.0019,,,,,,,,,,,,,,,,,,
17,NC_FL,5A,19,10,143.22,0.0018,0.0066,0.0048,,,,,,,,,,,,,,,,,,
17,NC_FL,5B,19,5,54.68,0.0004,0.0022,0.0018,,,,,,,,,,,,,,,,,,
17,NC_FL,6A,19,10,129,0.0015,0.0061,0.0046,,,,,,,,,,,,,,,,,,
17,NC_FL,6B,19,9,104.42,0.0009,0.0036,0.0027,,,,,,,,,,,,,,,,,,
17,NC_FL,7A,24,6,59.21,0.0006,0.0041,0.0035,,,,,,,,,,,,,,,,,,
17,NC_FL,7B,,,,,,,,,,,,,,,,,,,,,,,,
17,NC_FL,8A,19,20,135.44,0.0022,0.0092,0.007,,,,,,,,,,,,,,,,,,
17,NC_FL,8B,19,5,68.95,0.0012,0.0063,0.0051,,,,,,,,,,,,,,,,,,
17,NC_FL,9A,20,15,58.65,0.002,0.0077,0.0057,,,,,,,,,,,,,,,,,,
17,NC_FL,9B,,,,,,,,,,,,,,,,,,,,,,,,
17,NC_FL,10A,36,7,87.62,0.0014,0.0083,0.0069,,,,,,,,,,,,,,,,,,
17,NC_FL,10B,,,,,,,,,,,,,,,,,,,,,,,,
18,FL_NC,1A,,,,,,,,,,,,,,,,,,,,,,,,
18,FL_NC,1B,,,,,,,,,,,,,,,,,,,,,,,,
18,FL_NC,2A,34,6,27.82,0,0.0016,0.0016,no root found,,,,,,,,,,,,,,,,,
18,FL_NC,2B,,,,,,,,,,,,,,,,,,,,,,,,
18,FL_NC,3A,,,,,,,,,,,,,,,,,,,,,,,,
18,FL_NC,3B,,,,,,,,,,,,,,,,,,,,,,,,
18,FL_NC,4A,30,7,57.09,0.0007,0.0019,0.0012,,,,,,,,,,,,,,,,,,
18,FL_NC,4B,,,,,,,,,,,,,,,,,,,,,,,,
18,FL_NC,5A,31,5,60.94,0.0009,0.0039,0.003,,,,,,,,,,,,,,,,,,
18,FL_NC,5B,,,,,,,,,,,,,,,,,,,,,,,,
18,FL_NC,6A,33,11,52.26,0.0005,0.0034,0.0029,,,,,,,,,,,,,,,,,,
18,FL_NC,6B,,,,,,,,,,,,,,,,,,,,,,,,
18,FL_NC,7A,,,,,,,,,,,,,,,,,,,,,,,,
18,FL_NC,7B,,,,,,,,,,,,,,,,,,,,,,,,
18,FL_NC,8A,20,4,115.11,0.0016,0.0053,0.0037,,,,,,,,,,,,,,,,,,
18,FL_NC,8B,,,,,,,,,,,,,,,,,,,,,,,,
18,FL_NC,9A,,,,,,,,,,,,,,,,,,,,,,,,
18,FL_NC,9B,,,,,,,,,,,,,,,,,,,,,,,,
18,FL_NC,10A,29,5,79.13,0.0008,0.0043,0.0035,,,,,,,,,,,,,,,,,,
18,FL_NC,10B,,,,,,,,,,,,,,,,,,,,,,,,
19,FL_NC,1A,,,,,,,,,,,,,,,,,,,,,,,,
19,FL_NC,1B,,,,,,,,,,,,,,,,,,,,,,,,
19,FL_NC,2A,19,6,85.38,0.0013,0.0067,0.0054,,,,,,,,,,,,,,,,,,
19,FL_NC,2B,,,,,,,,,,,,,,,,,,,,,,,,
19,FL_NC,3A,19,8,88.71,0.0019,0.0072,0.0053,,,,,,,,,,,,,,,,,,
19,FL_NC,3B,,,,,,,,,,,,,,,,,,,,,,,,
19,FL_NC,4A,,,,,,,,,,,,,,,,,,,,,,,,
19,FL_NC,4B,,,,,,,,,,,,,,,,,,,,,,,,
19,FL_NC,5A,,,,,,,,,,,,,,,,,,,,,,,,
19,FL_NC,5B,,,,,,,,,,,,,,,,,,,,,,,,
19,FL_NC,6A,,,,,,,,,,,,,,,,,,,,,,,,
19,FL_NC,6B,,,,,,,,,,,,,,,,,,,,,,,,
19,FL_NC,7A,39,5,27.51,0.0005,0.0018,0.0013,,,,,,,,,,,,,,,,,,
19,FL_NC,7B,,,,,,,,,,,,,,,,,,,,,,,,
19,FL_NC,8A,,,,,,,,,,,,,,,,,,,,,,,,
19,FL_NC,8B,,,,,,,,,,,,,,,,,,,,,,,,
19,FL_NC,9A,,,,,,,,,,,,,,,,,,,,,,,,
19,FL_NC,9B,,,,,,,,,,,,,,,,,,,,,,,,
19,FL_NC,10A,30,6,32.72,0.0004,0.0022,0.0018,,,,,,,,,,,,,,,,,,
19,FL_NC,10B,,,,,,,,,,,,,,,,,,,,,,,,
20,FL_NC,1A,,,,,,,,,,,,,,,,,,,,,,,,
20,FL_NC,1B,,,,,,,,,,,,,,,,,,,,,,,,
20,FL_NC,2A,28,3,54.91,0.0008,0.0027,0.0019,,,,,,,,,,,,,,,,,,
20,FL_NC,2B,,,,,,,,,,,,,,,,,,,,,,,,
20,FL_NC,3A,20,4,51.23,0.0006,0.0006,0,root only in pack,,,,,,,,,,,,,,,,,
20,FL_NC,3B,27,5,51.87,0.001,0.0049,0.0039,,,,,,,,,,,,,,,,,,
20,FL_NC,4A,27,4,75.77,0.0008,0.0033,0.0025,,,,,,,,,,,,,,,,,,
20,FL_NC,4B,,,,,,,,,,,,,,,,,,,,,,,,
20,FL_NC,5A,20,4,126.73,0.0017,0.0046,0.0029,,,,,,,,,,,,,,,,,,
20,FL_NC,5B,,,,,,,,,,,,,,,,,,,,,,,,
20,FL_NC,6A,,,,,,,,,,,,,,,,,,,,,,,,
20,FL_NC,6B,,,,,,,,,,,,,,,,,,,,,,,,
20,FL_NC,7A,,,,,,,,,,,,,,,,,,,,,,,,
20,FL_NC,7B,,,,,,,,,,,,,,,,,,,,,,,,
20,FL_NC,8A,,,,,,,,,,,,,,,,,,,,,,,,
20,FL_NC,8B,,,,,,,,,,,,,,,,,,,,,,,,
20,FL_NC,9A,12,6,127.61,0.0028,0.0086,0.0058,,,,,,,,,,,,,,,,,,
20,FL_NC,9B,,,,,,,,,,,,,,,,,,,,,,,,
20,FL_NC,10A,,,,,,,,,,,,,,,,,,,,,,,,
20,FL_NC,10B,,,,,,,,,,,,,,,,,,,,,,,,
21,NC_FL,1A,,,,,,,,,,,,,,,,,,,,,,,,
21,NC_FL,1B,,,,,,,,,,,,,,,,,,,,,,,,
21,NC_FL,2A,32,5,41.86,0.001,0.0027,0.0017,,,,,,,,,,,,,,,,,,
21,NC_FL,2B,,,,,,,,,,,,,,,,,,,,,,,,
21,NC_FL,3A,,,,,,,,,,,,,,,,,,,,,,,,
21,NC_FL,3B,,,,,,,,,,,,,,,,,,,,,,,,
21,NC_FL,4A,30,2,10.21,-0.0032,0.0028,0.006,,,,,,,,,,,,,,,,,,
21,NC_FL,4B,30,1,14.6,0,0.0013,0.0013,no roots,,,,,,,,,,,,,,,,,
21,NC_FL,5A,19,10,51.18,0.0009,0.0065,0.0056,,,,,,,,,,,,,,,,,,
21,NC_FL,5B,19,8,79.29,0.0011,0.0083,0.0072,,,,,,,,,,,,,,,,,,
21,NC_FL,6A,,,,,,,,,,,,,,,,,,,,,,,,
21,NC_FL,6B,,,,,,,,,,,,,,,,,,,,,,,,
21,NC_FL,7A,,,,,,,,,,,,,,,,,,,,,,,,
21,NC_FL,7B,,,,,,,,,,,,,,,,,,,,,,,,
21,NC_FL,8A,,,,,,,,,,,,,,,,,,,,,,,,
21,NC_FL,8B,,,,,,,,,,,,,,,,,,,,,,,,
21,NC_FL,9A,31,6,28.52,0.0005,0.0034,0.0029,,,,,,,,,,,,,,,,,,
21,NC_FL,9B,,,,,,,,,,,,,,,,,,,,,,,,
21,NC_FL,10A,19,9,57.11,0.0012,0.0068,0.0056,,,,,,,,,,,,,,,,,,
21,NC_FL,10B,19,3,,0.0012,0.0068,0.0056,,,,,,,,,,,,,,,,,,
22,NC_FL,1A,,,,,,,,,,,,,,,,,,,,,,,,
22,NC_FL,1B,,,,,,,,,,,,,,,,,,,,,,,,
22,NC_FL,2A,,,,,,,,,,,,,,,,,,,,,,,,
22,NC_FL,2B,,,,,,,,,,,,,,,,,,,,,,,,
22,NC_FL,3A,,,,,,,,,,,,,,,,,,,,,,,,
22,NC_FL,3B,,,,,,,,,,,,,,,,,,,,,,,,
22,NC_FL,4A,,,,,,,,,,,,,,,,,,,,,,,,
22,NC_FL,4B,,,,,,,,,,,,,,,,,,,,,,,,
22,NC_FL,5A,26,4,96.14,0,0.0021,0.0021,no roots,,,,,,,,,,,,,,,,,
22,NC_FL,5B,27,8,79.54,0.0008,0.0036,0.0028,,,,,,,,,,,,,,,,,,
22,NC_FL,6A,,,,,,,,,,,,,,,,,,,,,,,,
22,NC_FL,6B,,,,,,,,,,,,,,,,,,,,,,,,
22,NC_FL,7A,26,20,36.84,0,0.0029,0.0029,no roots,,,,,,,,,,,,,,,,,
22,NC_FL,7B,,,,,,,,,,,,,,,,,,,,,,,,
22,NC_FL,8A,,,,,,,,,,,,,,,,,,,,,,,,
22,NC_FL,8B,,,,,,,,,,,,,,,,,,,,,,,,
22,NC_FL,9A,12,1,74.06,0.0022,0.0095,0.0073,,,,,,,,,,,,,,,,,,
22,NC_FL,9B,,,,,,,,,,,,,,,,,,,,,,,,
22,NC_FL,10A,,,,,,,,,,,,,,,,,,,,,,,,
22,NC_FL,10B,,,,,,,,,,,,,,,,,,,,,,,,
23,FL_NC,1A,,,,,,,,,,,,,,,,,,,,,,,,
23,FL_NC,1B,,,,,,,,,,,,,,,,,,,,,,,,
23,FL_NC,2A,,,15.22,0.0003,0.0018,0.0015,AGB broke apart during measuring process. ,,,,,,,,,,,,,,,,,
23,FL_NC,2B,,,,,,,,,,,,,,,,,,,,,,,,
23,FL_NC,3A,36,5,32.34,-0.0018,,0.0018,no roots,,,,,,,,,,,,,,,,,
23,FL_NC,3B,,,,,,,,,,,,,,,,,,,,,,,,
23,FL_NC,4A,,,,,,,,,,,,,,,,,,,,,,,,
23,FL_NC,4B,,,,,,,,,,,,,,,,,,,,,,,,
23,FL_NC,5A,,,,,,,,,,,,,,,,,,,,,,,,
23,FL_NC,5B,,,,,,,,,,,,,,,,,,,,,,,,
23,FL_NC,6A,,,,,,,,,,,,,,,,,,,,,,,,
23,FL_NC,6B,,,,,,,,,,,,,,,,,,,,,,,,
23,FL_NC,7A,,,,,,,,,,,,,,,,,,,,,,,,
23,FL_NC,7B,,,,,,,,,,,,,,,,,,,,,,,,
23,FL_NC,8A,,,,,,,,,,,,,,,,,,,,,,,,
23,FL_NC,8B,,,,,,,,,,,,,,,,,,,,,,,,
23,FL_NC,9A,,,,,,,,,,,,,,,,,,,,,,,,
23,FL_NC,9B,,,,,,,,,,,,,,,,,,,,,,,,
23,FL_NC,10A,,,,,,,,,,,,,,,,,,,,,,,,
23,FL_NC,10B,,,,,,,,,,,,,,,,,,,,,,,,
24,NC_NC,1A,,,,,,,,,,,,,,,,,,,,,,,,
24,NC_NC,1B,,,,,,,,,,,,,,,,,,,,,,,,
24,NC_NC,2A,,,,,,,,,,,,,,,,,,,,,,,,
24,NC_NC,2B,,,,,,,,,,,,,,,,,,,,,,,,
24,NC_NC,3A,19,3,61.89,0.0018,0.0061,0.0043,,,,,,,,,,,,,,,,,,
24,NC_NC,3B,22,10,55.8,0.0008,0.0034,0.0026,,,,,,,,,,,,,,,,,,
24,NC_NC,4A,,,,,,,,,,,,,,,,,,,,,,,,
24,NC_NC,4B,,,,,,,,,,,,,,,,,,,,,,,,
24,NC_NC,5A,,,,,,,,,,,,,,,,,,,,,,,,
24,NC_NC,5B,,,,,,,,,,,,,,,,,,,,,,,,
24,NC_NC,6A,19,8,64.96,0.0021,0.0072,0.0051,,,,,,,,,,,,,,,,,,
24,NC_NC,6B,,,,,,,,,,,,,,,,,,,,,,,,
24,NC_NC,7A,,,,,,,,,,,,,,,,,,,,,,,,
24,NC_NC,7B,,,,,,,,,,,,,,,,,,,,,,,,
24,NC_NC,8A,12,4,50.77,0.0009,0.0087,0.0078,,,,,,,,,,,,,,,,,,
24,NC_NC,8B,,,,,,,,,,,,,,,,,,,,,,,,
24,NC_NC,9A,,,,,,,,,,,,,,,,,,,,,,,,
24,NC_NC,9B,,,,,,,,,,,,,,,,,,,,,,,,
24,NC_NC,10A,13,1,37.73,0.0013,0.0077,0.0064,,,,,,,,,,,,,,,,,,
24,NC_NC,10B,,,,,,,,,,,,,,,,,,,,,,,,
25,FL_NC,1A,12,6,70.71,0.0011,0.0046,0.0035,,,,,,,,,,,,,,,,,,
25,FL_NC,1B,22,5,32.06,0.0004,0.0025,0.0021,,,,,,,,,,,,,,,,,,
25,FL_NC,2A,28,1,30.25,0.0005,0.0021,0.0016,,,,,,,,,,,,,,,,,,
25,FL_NC,2B,,,,,,,,,,,,,,,,,,,,,,,,
25,FL_NC,3A,13,3,32.7,0.0011,0.0042,0.0031,,,,,,,,,,,,,,,,,,
25,FL_NC,3B,19,4,51,0.0013,0.0074,0.0061,,,,,,,,,,,,,,,,,,
25,FL_NC,4A,22,9,26.45,0.0004,0.0035,0.0031,,,,,,,,,,,,,,,,,,
25,FL_NC,4B,,,,,,,,,,,,,,,,,,,,,,,,
25,FL_NC,5A,,,,,,,,,,,,,,,,,,,,,,,,
25,FL_NC,5B,,,,,,,,,,,,,,,,,,,,,,,,
25,FL_NC,6A,,,,,,,,,,,,,,,,,,,,,,,,
25,FL_NC,6B,,,,,,,,,,,,,,,,,,,,,,,,
25,FL_NC,7A,,,,,,,,,,,,,,,,,,,,,,,,
25,FL_NC,7B,,,,,,,,,,,,,,,,,,,,,,,,
25,FL_NC,8A,19,5,62.32,0.0012,0.0069,0.0057,,,,,,,,,,,,,,,,,,
25,FL_NC,8B,,,,,,,,,,,,,,,,,,,,,,,,
25,FL_NC,9A,20,6,,,,,germ not found,,,,,,,,,,,,,,,,,
25,FL_NC,9B,,,,,,,,,,,,,,,,,,,,,,,,
25,FL_NC,10A,25,2,69.01,0.001,0.0055,0.0045,,,,,,,,,,,,,,,,,,
25,FL_NC,10B,,,,,,,,,,,,,,,,,,,,,,,,
26,FL_NC,1A,,,,,,,,,,,,,,,,,,,,,,,,
26,FL_NC,1B,,,,,,,,,,,,,,,,,,,,,,,,
26,FL_NC,2A,,,,,,,,,,,,,,,,,,,,,,,,
26,FL_NC,2B,,,,,,,,,,,,,,,,,,,,,,,,
26,FL_NC,3A,,,,,,,,,,,,,,,,,,,,,,,,
26,FL_NC,3B,,,,,,,,,,,,,,,,,,,,,,,,
26,FL_NC,4A,,,,,,,,,,,,,,,,,,,,,,,,
26,FL_NC,4B,,,,,,,,,,,,,,,,,,,,,,,,
26,FL_NC,5A,22,5,16.91,0.0003,0.0026,0.0023,,,,,,,,,,,,,,,,,,
26,FL_NC,5B,,,,,,,,,,,,,,,,,,,,,,,,
26,FL_NC,6A,,,,,,,,,,,,,,,,,,,,,,,,
26,FL_NC,6B,,,,,,,,,,,,,,,,,,,,,,,,
26,FL_NC,7A,13,3,123.13,0.0017,0.0067,0.005,,,,,,,,,,,,,,,,,,
26,FL_NC,7B,,,,,,,,,,,,,,,,,,,,,,,,
26,FL_NC,8A,13,4,50.17,0.0011,0.0048,0.0037,,,,,,,,,,,,,,,,,,
26,FL_NC,8B,,,,,,,,,,,,,,,,,,,,,,,,
26,FL_NC,9A,34,4,22.08,0.0005,0.0026,0.0021,,,,,,,,,,,,,,,,,,
26,FL_NC,9B,,,,,,,,,,,,,,,,,,,,,,,,
26,FL_NC,10A,,,,,,,,,,,,,,,,,,,,,,,,
26,FL_NC,10B,,,,,,,,,,,,,,,,,,,,,,,,
27,CON_NC,1A,,,,,,,,,,,,,,,,,,,,,,,,
27,CON_NC,1B,,,,,,,,,,,,,,,,,,,,,,,,
27,CON_NC,2A,,,,,,,,,,,,,,,,,,,,,,,,
27,CON_NC,2B,,,,,,,,,,,,,,,,,,,,,,,,
27,CON_NC,3A,32,3,8.66,0,0.0009,0.0009,no roots,,,,,,,,,,,,,,,,,
27,CON_NC,3B,,,,,,,,,,,,,,,,,,,,,,,,
27,CON_NC,4A,30,1,33.43,0.0007,0.002,0.0013,,,,,,,,,,,,,,,,,,
27,CON_NC,4B,,,,,,,,,,,,,,,,,,,,,,,,
27,CON_NC,5A,,,,,,,,,,,,,,,,,,,,,,,,
27,CON_NC,5B,,,,,,,,,,,,,,,,,,,,,,,,
27,CON_NC,6A,,,,,,,,,,,,,,,,,,,,,,,,
27,CON_NC,6B,,,,,,,,,,,,,,,,,,,,,,,,
27,CON_NC,7A,,,,,,,,,,,,,,,,,,,,,,,,
27,CON_NC,7B,,,,,,,,,,,,,,,,,,,,,,,,
27,CON_NC,8A,,,,,,,,,,,,,,,,,,,,,,,,
27,CON_NC,8B,,,,,,,,,,,,,,,,,,,,,,,,
27,CON_NC,9A,24,3,42.25,0.0011,0.0047,0.0036,,,,,,,,,,,,,,,,,,
27,CON_NC,9B,,,,,,,,,,,,,,,,,,,,,,,,
27,CON_NC,10A,,,,,,,,,,,,,,,,,,,,,,,,
27,CON_NC,10B,,,,,,,,,,,,,,,,,,,,,,,,
28,FL_FL,1A,20,2,40.76,0.0004,0.0048,0.0044,,,,,,,,,,,,,,,,,,
28,FL_FL,1B,22,8,55.29,0.0004,0.003,0.0026,,,,,,,,,,,,,,,,,,
28,FL_FL,2A,,,,,,,,,,,,,,,,,,,,,,,,
28,FL_FL,2B,,,,,,,,,,,,,,,,,,,,,,,,
28,FL_FL,3A,,,,,,,,,,,,,,,,,,,,,,,,
28,FL_FL,3B,,,,,,,,,,,,,,,,,,,,,,,,
28,FL_FL,4A,,,,,,,,,,,,,,,,,,,,,,,,
28,FL_FL,4B,,,,,,,,,,,,,,,,,,,,,,,,
28,FL_FL,5A,,,,,,,,,,,,,,,,,,,,,,,,
28,FL_FL,5B,,,,,,,,,,,,,,,,,,,,,,,,
28,FL_FL,6A,27,4,62.21,0.0002,0.0042,0.004,,,,,,,,,,,,,,,,,,
28,FL_FL,6B,27,8,77.1,0.0008,0.0038,0.003,,,,,,,,,,,,,,,,,,
28,FL_FL,7A,,,,,,,,,,,,,,,,,,,,,,,,
28,FL_FL,7B,,,,,,,,,,,,,,,,,,,,,,,,
28,FL_FL,8A,22,11,55.26,0.0011,0.0065,0.0054,,,,,,,,,,,,,,,,,,
28,FL_FL,8B,22,3,39.41,0.0006,0.005,0.0044,,,,,,,,,,,,,,,,,,
28,FL_FL,9A,30,4,,0,0.0042,0.0042,no roots,,,,,,,,,,,,,,,,,
28,FL_FL,9B,30,2,,,,,germ not found,,,,,,,,,,,,,,,,,
28,FL_FL,10A,19,20,46.66,0.0754,0.082,0.0066,,,,,,,,,,,,,,,,,,
28,FL_FL,10B,,,,,,,,,,,,,,,,,,,,,,,,
29,CON_FL,1A,,,,,,,,,,,,,,,,,,,,,,,,
29,CON_FL,1B,,,,,,,,,,,,,,,,,,,,,,,,
29,CON_FL,2A,,,,,,,,,,,,,,,,,,,,,,,,
29,CON_FL,2B,,,,,,,,,,,,,,,,,,,,,,,,
29,CON_FL,3A,,,,,,,,,,,,,,,,,,,,,,,,
29,CON_FL,3B,,,,,,,,,,,,,,,,,,,,,,,,
29,CON_FL,4A,,,,,,,,,,,,,,,,,,,,,,,,
29,CON_FL,4B,,,,,,,,,,,,,,,,,,,,,,,,
29,CON_FL,5A,,,,,,,,,,,,,,,,,,,,,,,,
29,CON_FL,5B,,,,,,,,,,,,,,,,,,,,,,,,
29,CON_FL,6A,,,,,,,,,,,,,,,,,,,,,,,,
29,CON_FL,6B,,,,,,,,,,,,,,,,,,,,,,,,
29,CON_FL,7A,,,,,,,,,,,,,,,,,,,,,,,,
29,CON_FL,7B,,,,,,,,,,,,,,,,,,,,,,,,
29,CON_FL,8A,,,,,,,,,,,,,,,,,,,,,,,,
29,CON_FL,8B,,,,,,,,,,,,,,,,,,,,,,,,
29,CON_FL,9A,,,,,,,,,,,,,,,,,,,,,,,,
29,CON_FL,9B,,,,,,,,,,,,,,,,,,,,,,,,
29,CON_FL,10A,,,,,,,,,,,,,,,,,,,,,,,,
29,CON_FL,10B,,,,,,,,,,,,,,,,,,,,,,,,
30,FL_FL,1A,12,4,57.07,0.0014,0.0058,0.0044,,,,,,,,,,,,,,,,,,
30,FL_FL,1B,19,11,84.02,0.0008,0.0048,0.004,,,,,,,,,,,,,,,,,,
30,FL_FL,2A,,,,,,,,,,,,,,,,,,,,,,,,
30,FL_FL,2B,,,,,,,,,,,,,,,,,,,,,,,,
30,FL_FL,3A,19,19,169.8,0.0031,0.008,0.0049,,,,,,,,,,,,,,,,,,
30,FL_FL,3B,,,,,,,,,,,,,,,,,,,,,,,,
30,FL_FL,4A,19,12,75.85,0.0015,0.005,0.0035,,,,,,,,,,,,,,,,,,
30,FL_FL,4B,,,,,,,,,,,,,,,,,,,,,,,,
30,FL_FL,5A,,,,,,,,,,,,,,,,,,,,,,,,
30,FL_FL,5B,,,,,,,,,,,,,,,,,,,,,,,,
30,FL_FL,6A,,,,,,,,,,,,,,,,,,,,,,,,
30,FL_FL,6B,,,,,,,,,,,,,,,,,,,,,,,,
30,FL_FL,7A,,,,,,,,,,,,,,,,,,,,,,,,
30,FL_FL,7B,,,,,,,,,,,,,,,,,,,,,,,,
30,FL_FL,8A,,,,,,,,,,,,,,,,,,,,,,,,
30,FL_FL,8B,,,,,,,,,,,,,,,,,,,,,,,,
30,FL_FL,9A,,,,,,,,,,,,,,,,,,,,,,,,
30,FL_FL,9B,,,,,,,,,,,,,,,,,,,,,,,,
30,FL_FL,10A,,,,,,,,,,,,,,,,,,,,,,,,
30,FL_FL,10B,,,,,,,,,,,,,,,,,,,,,,,,
31,FL_FL,1A,,,,,,,,,,,,,,,,,,,,,,,,
31,FL_FL,1B,,,,,,,,,,,,,,,,,,,,,,,,
31,FL_FL,2A,,,,,,,,,,,,,,,,,,,,,,,,
31,FL_FL,2B,,,,,,,,,,,,,,,,,,,,,,,,
31,FL_FL,3A,,,,,,,,,,,,,,,,,,,,,,,,
31,FL_FL,3B,,,,,,,,,,,,,,,,,,,,,,,,
31,FL_FL,4A,14,3,10.74,0,0.0013,0.0013,no roots found,,,,,,,,,,,,,,,,,
31,FL_FL,4B,,,,,,,,,,,,,,,,,,,,,,,,
31,FL_FL,5A,13,5,32.65,1E-04,0.0036,0.0035,,,,,,,,,,,,,,,,,,
31,FL_FL,5B,,,,,,,,,,,,,,,,,,,,,,,,
31,FL_FL,6A,,,,,,,,,,,,,,,,,,,,,,,,
31,FL_FL,6B,,,,,,,,,,,,,,,,,,,,,,,,
31,FL_FL,7A,,,,,,,,,,,,,,,,,,,,,,,,
31,FL_FL,7B,,,,,,,,,,,,,,,,,,,,,,,,
31,FL_FL,8A,,,,,,,,,,,,,,,,,,,,,,,,
31,FL_FL,8B,,,,,,,,,,,,,,,,,,,,,,,,
31,FL_FL,9A,,,,,,,,,,,,,,,,,,,,,,,,
31,FL_FL,9B,,,,,,,,,,,,,,,,,,,,,,,,
31,FL_FL,10A,,,,,,,,,,,,,,,,,,,,,,,,
31,FL_FL,10B,,,,,,,,,,,,,,,,,,,,,,,,
32,NC_FL,1A,19,14,30.89,0.0003,0.0053,0.005,,,,,,,,,,,,,,,,,,
32,NC_FL,1B,,,,,,,,,,,,,,,,,,,,,,,,
32,NC_FL,2A,,,,,,,,,,,,,,,,,,,,,,,,
32,NC_FL,2B,,,,,,,,,,,,,,,,,,,,,,,,
32,NC_FL,3A,20,3,72.84,0.0015,0.0075,0.006,,,,,,,,,,,,,,,,,,
32,NC_FL,3B,,,,,,,,,,,,,,,,,,,,,,,,
32,NC_FL,4A,12,10,87.01,0.0008,0.0048,0.004,,,,,,,,,,,,,,,,,,
32,NC_FL,4B,,,,,,,,,,,,,,,,,,,,,,,,
32,NC_FL,5A,24,2,,,,,germ not found,,,,,,,,,,,,,,,,,
32,NC_FL,5B,,,,,,,,,,,,,,,,,,,,,,,,
32,NC_FL,6A,,,,,,,,,,,,,,,,,,,,,,,,
32,NC_FL,6B,,,,,,,,,,,,,,,,,,,,,,,,
32,NC_FL,7A,,,,,,,,,,,,,,,,,,,,,,,,
32,NC_FL,7B,,,,,,,,,,,,,,,,,,,,,,,,
32,NC_FL,8A,,,,,,,,,,,,,,,,,,,,,,,,
32,NC_FL,8B,,,,,,,,,,,,,,,,,,,,,,,,
32,NC_FL,9A,,,,,,,,,,,,,,,,,,,,,,,,
32,NC_FL,9B,,,,,,,,,,,,,,,,,,,,,,,,
32,NC_FL,10A,,,,,,,,,,,,,,,,,,,,,,,,
32,NC_FL,10B,,,,,,,,,,,,,,,,,,,,,,,,
33,FL_FL,1A,,,,,,,,,,,,,,,,,,,,,,,,
33,FL_FL,1B,,,,,,,,,,,,,,,,,,,,,,,,
33,FL_FL,2A,,,,,,,,,,,,,,,,,,,,,,,,
33,FL_FL,2B,,,,,,,,,,,,,,,,,,,,,,,,
33,FL_FL,3A,,,,,,,,,,,,,,,,,,,,,,,,
33,FL_FL,3B,,,,,,,,,,,,,,,,,,,,,,,,
33,FL_FL,4A,,,,,,,,,,,,,,,,,,,,,,,,
33,FL_FL,4B,,,,,,,,,,,,,,,,,,,,,,,,
33,FL_FL,5A,,,,,,,,,,,,,,,,,,,,,,,,
33,FL_FL,5B,,,,,,,,,,,,,,,,,,,,,,,,
33,FL_FL,6A,13,4,53.48,0.0015,0.0102,0.0087,,,,,,,,,,,,,,,,,,
33,FL_FL,6B,,,,,,,,,,,,,,,,,,,,,,,,
33,FL_FL,7A,,,,,,,,,,,,,,,,,,,,,,,,
33,FL_FL,7B,,,,,,,,,,,,,,,,,,,,,,,,
33,FL_FL,8A,,,,,,,,,,,,,,,,,,,,,,,,
33,FL_FL,8B,,,,,,,,,,,,,,,,,,,,,,,,
33,FL_FL,9A,,,,,,,,,,,,,,,,,,,,,,,,
33,FL_FL,9B,,,,,,,,,,,,,,,,,,,,,,,,
33,FL_FL,10A,20,4,69.53,0.0007,0.0046,0.0039,,,,,,,,,,,,,,,,,,
33,FL_FL,10B,,,,,,,,,,,,,,,,,,,,,,,,
34,CON_NC,1A,,,,,,,,,,,,,,,,,,,,,,,,
34,CON_NC,1B,,,,,,,,,,,,,,,,,,,,,,,,
34,CON_NC,2A,,,,,,,,,,,,,,,,,,,,,,,,
34,CON_NC,2B,,,,,,,,,,,,,,,,,,,,,,,,
34,CON_NC,3A,,,,,,,,,,,,,,,,,,,,,,,,
34,CON_NC,3B,,,,,,,,,,,,,,,,,,,,,,,,
34,CON_NC,4A,9.5,11,91.7,0.0007,0.0028,0.0021,,,,,,,,,,,,,,,,,,
34,CON_NC,4B,,,,,,,,,,,,,,,,,,,,,,,,
34,CON_NC,5A,,,,,,,,,,,,,,,,,,,,,,,,
34,CON_NC,5B,,,,,,,,,,,,,,,,,,,,,,,,
34,CON_NC,6A,,,,,,,,,,,,,,,,,,,,,,,,
34,CON_NC,6B,,,,,,,,,,,,,,,,,,,,,,,,
34,CON_NC,7A,9.5,11,159.91,0.0021,0.0071,0.005,,,,,,,,,,,,,,,,,,
34,CON_NC,7B,,,,,,,,,,,,,,,,,,,,,,,,
34,CON_NC,8A,,,,,,,,,,,,,,,,,,,,,,,,
34,CON_NC,8B,,,,,,,,,,,,,,,,,,,,,,,,
34,CON_NC,9A,,,,,,,,,,,,,,,,,,,,,,,,
34,CON_NC,9B,,,,,,,,,,,,,,,,,,,,,,,,
34,CON_NC,10A,25,4,34.78,0.0003,0.0018,0.0015,,,,,,,,,,,,,,,,,,
34,CON_NC,10B,,,,,,,,,,,,,,,,,,,,,,,,
35,CON_FL,1A,,,,,,,,,,,,,,,,,,,,,,,,
35,CON_FL,1B,,,,,,,,,,,,,,,,,,,,,,,,
35,CON_FL,2A,19,17,53.37,0.0007,0.0036,0.0029,,,,,,,,,,,,,,,,,,
35,CON_FL,2B,,,,,,,,,,,,,,,,,,,,,,,,
35,CON_FL,3A,,,,,,,,,,,,,,,,,,,,,,,,
35,CON_FL,3B,,,,,,,,,,,,,,,,,,,,,,,,
35,CON_FL,4A,9.5,22,69.14,0.001,0.0092,0.0082,,,,,,,,,,,,,,,,,,
35,CON_FL,4B,9.5,11,52.45,0.0012,0.0109,0.0097,,,,,,,,,,,,,,,,,,
35,CON_FL,5A,,,,,,,,,,,,,,,,,,,,,,,,
35,CON_FL,5B,,,,,,,,,,,,,,,,,,,,,,,,
35,CON_FL,6A,13,8,58.79,0.0013,0.0074,0.0061,,,,,,,,,,,,,,,,,,
35,CON_FL,6B,,,,,,,,,,,,,,,,,,,,,,,,
35,CON_FL,7A,19,6,93.51,0.0051,0.0118,0.0067,,,,,,,,,,,,,,,,,,
35,CON_FL,7B,,,,,,,,,,,,,,,,,,,,,,,,
35,CON_FL,8A,14,4,21.18,0.0004,0.0037,0.0033,,,,,,,,,,,,,,,,,,
35,CON_FL,8B,29,6,72.21,0.0006,0.0047,0.0041,,,,,,,,,,,,,,,,,,
35,CON_FL,9A,9.5,19,16.86,0.0005,0.0022,0.0017,,,,,,,,,,,,,,,,,,
35,CON_FL,9B,,,,,,,,,,,,,,,,,,,,,,,,
35,CON_FL,10A,,,,,,,,,,,,,,,,,,,,,,,,
35,CON_FL,10B,,,,,,,,,,,,,,,,,,,,,,,,
36,FL_FL,1A,12,5,61.1,0.0014,0.0055,0.0041,,,,,,,,,,,,,,,,,,
36,FL_FL,1B,,,,,,,,,,,,,,,,,,,,,,,,
36,FL_FL,2A,9.5,18,66.6,0.0015,0.0087,0.0072,,,,,,,,,,,,,,,,,,
36,FL_FL,2B,,,,,,,,,,,,,,,,,,,,,,,,
36,FL_FL,3A,,,,,,,,,,,,,,,,,,,,,,,,
36,FL_FL,3B,,,,,,,,,,,,,,,,,,,,,,,,
36,FL_FL,4A,,,,,,,,,,,,,,,,,,,,,,,,
36,FL_FL,4B,,,,,,,,,,,,,,,,,,,,,,,,
36,FL_FL,5A,12,3,79.82,0.0014,0.0086,0.0072,,,,,,,,,,,,,,,,,,
36,FL_FL,5B,,,,,,,,,,,,,,,,,,,,,,,,
36,FL_FL,6A,9.5,20,59.22,0.0011,0.0076,0.0065,,,,,,,,,,,,,,,,,,
36,FL_FL,6B,,,,,,,,,,,,,,,,,,,,,,,,
36,FL_FL,7A,,,,,,,,,,,,,,,,,,,,,,,,
36,FL_FL,7B,,,,,,,,,,,,,,,,,,,,,,,,
36,FL_FL,8A,,,,,,,,,,,,,,,,,,,,,,,,
36,FL_FL,8B,,,,,,,,,,,,,,,,,,,,,,,,
36,FL_FL,9A,,,,,,,,,,,,,,,,,,,,,,,,
36,FL_FL,9B,,,,,,,,,,,,,,,,,,,,,,,,
36,FL_FL,10A,,,,,,,,,,,,,,,,,,,,,,,,
36,FL_FL,10B,,,,,,,,,,,,,,,,,,,,,,,,
37,NC_NC,1A,,,,,,,,,,,,,,,,,,,,,,,,
37,NC_NC,1B,,,,,,,,,,,,,,,,,,,,,,,,
37,NC_NC,2A,,,,,,,,,,,,,,,,,,,,,,,,
37,NC_NC,2B,,,,,,,,,,,,,,,,,,,,,,,,
37,NC_NC,3A,,,,,,,,,,,,,,,,,,,,,,,,
37,NC_NC,3B,,,,,,,,,,,,,,,,,,,,,,,,
37,NC_NC,4A,,,,,,,,,,,,,,,,,,,,,,,,
37,NC_NC,4B,,,,,,,,,,,,,,,,,,,,,,,,
37,NC_NC,5A,14,5,75.42,0.0012,0.0093,0.0081,there were 2 seed capsules within this envelope,,,,,,,,,,,,,,,,,
37,NC_NC,5B,,,,,,,,,,,,,,,,,,,,,,,,
37,NC_NC,6A,,,,,,,,,,,,,,,,,,,,,,,,
37,NC_NC,6B,,,,,,,,,,,,,,,,,,,,,,,,
37,NC_NC,7A,,,,,,,,,,,,,,,,,,,,,,,,
37,NC_NC,7B,,,,,,,,,,,,,,,,,,,,,,,,
37,NC_NC,8A,20,4,85.97,0.0013,0.0039,0.0026,,,,,,,,,,,,,,,,,,
37,NC_NC,8B,,,,,,,,,,,,,,,,,,,,,,,,
37,NC_NC,9A,,,,,,,,,,,,,,,,,,,,,,,,
37,NC_NC,9B,,,,,,,,,,,,,,,,,,,,,,,,
37,NC_NC,10A,,,,,,,,,,,,,,,,,,,,,,,,
37,NC_NC,10B,,,,,,,,,,,,,,,,,,,,,,,,
38,CON_NC,1A,,,,,,,,,,,,,,,,,,,,,,,,
38,CON_NC,1B,,,,,,,,,,,,,,,,,,,,,,,,
38,CON_NC,2A,14,1,39.31,0.0005,0.0078,0.0073,,,,,,,,,,,,,,,,,,
38,CON_NC,2B,,,,,,,,,,,,,,,,,,,,,,,,
38,CON_NC,3A,,,,,,,,,,,,,,,,,,,,,,,,
38,CON_NC,3B,,,,,,,,,,,,,,,,,,,,,,,,
38,CON_NC,4A,,,,,,,,,,,,,,,,,,,,,,,,
38,CON_NC,4B,,,,,,,,,,,,,,,,,,,,,,,,
38,CON_NC,5A,,,,,,,,,,,,,,,,,,,,,,,,
38,CON_NC,5B,,,,,,,,,,,,,,,,,,,,,,,,
38,CON_NC,6A,,,,,,,,,,,,,,,,,,,,,,,,
38,CON_NC,6B,,,,,,,,,,,,,,,,,,,,,,,,
38,CON_NC,7A,,,,,,,,,,,,,,,,,,,,,,,,
38,CON_NC,7B,,,,,,,,,,,,,,,,,,,,,,,,
38,CON_NC,8A,,,,,,,,,,,,,,,,,,,,,,,,
38,CON_NC,8B,,,,,,,,,,,,,,,,,,,,,,,,
38,CON_NC,9A,,,,,,,,,,,,,,,,,,,,,,,,
38,CON_NC,9B,,,,,,,,,,,,,,,,,,,,,,,,
38,CON_NC,10A,,,,,,,,,,,,,,,,,,,,,,,,
38,CON_NC,10B,,,,,,,,,,,,,,,,,,,,,,,,
39,NC_FL,1A,,,,,,,,,,,,,,,,,,,,,,,,
39,NC_FL,1B,,,,,,,,,,,,,,,,,,,,,,,,
39,NC_FL,2A,,,,,,,,,,,,,,,,,,,,,,,,
39,NC_FL,2B,,,,,,,,,,,,,,,,,,,,,,,,
39,NC_FL,3A,,,,,,,,,,,,,,,,,,,,,,,,
39,NC_FL,3B,,,,,,,,,,,,,,,,,,,,,,,,
39,NC_FL,4A,,,,,,,,,,,,,,,,,,,,,,,,
39,NC_FL,4B,,,,,,,,,,,,,,,,,,,,,,,,
39,NC_FL,5A,,,,,,,,,,,,,,,,,,,,,,,,
39,NC_FL,5B,,,,,,,,,,,,,,,,,,,,,,,,
39,NC_FL,6A,,,,,,,,,,,,,,,,,,,,,,,,
39,NC_FL,6B,,,,,,,,,,,,,,,,,,,,,,,,
39,NC_FL,7A,,,,,,,,,,,,,,,,,,,,,,,,
39,NC_FL,7B,,,,,,,,,,,,,,,,,,,,,,,,
39,NC_FL,8A,24,4,56.46,0.0004,0.0034,0.003,,,,,,,,,,,,,,,,,,
39,NC_FL,8B,,,,,,,,,,,,,,,,,,,,,,,,
39,NC_FL,9A,22,4,68.95,0.0013,0.005,0.0037,,,,,,,,,,,,,,,,,,
39,NC_FL,9B,,,,,,,,,,,,,,,,,,,,,,,,
39,NC_FL,10A,,,,,,,,,,,,,,,,,,,,,,,,
39,NC_FL,10B,,,,,,,,,,,,,,,,,,,,,,,,
40,NC_NC,1A,,,,,,,,,,,,,,,,,,,,,,,,
40,NC_NC,1B,,,,,,,,,,,,,,,,,,,,,,,,
40,NC_NC,2A,33,9,34.85,0.0003,0.0021,0.0018,,,,,,,,,,,,,,,,,,
40,NC_NC,2B,,,,,,,,,,,,,,,,,,,,,,,,
40,NC_NC,3A,,,,,,,,,,,,,,,,,,,,,,,,
40,NC_NC,3B,,,,,,,,,,,,,,,,,,,,,,,,
40,NC_NC,4A,,,,,,,,,,,,,,,,,,,,,,,,
40,NC_NC,4B,,,,,,,,,,,,,,,,,,,,,,,,
40,NC_NC,5A,19,17,56.58,0.0009,0.0045,0.0036,,,,,,,,,,,,,,,,,,
40,NC_NC,5B,,,,,,,,,,,,,,,,,,,,,,,,
40,NC_NC,6A,,,,,,,,,,,,,,,,,,,,,,,,
40,NC_NC,6B,,,,,,,,,,,,,,,,,,,,,,,,
40,NC_NC,7A,33,4,25.32,0.0002,0.0011,0.0009,,,,,,,,,,,,,,,,,,
40,NC_NC,7B,,,,,,,,,,,,,,,,,,,,,,,,
40,NC_NC,8A,,,,,,,,,,,,,,,,,,,,,,,,
40,NC_NC,8B,,,,,,,,,,,,,,,,,,,,,,,,
40,NC_NC,9A,,,,,,,,,,,,,,,,,,,,,,,,
40,NC_NC,9B,,,,,,,,,,,,,,,,,,,,,,,,
40,NC_NC,10A,19,4,38.97,0.00001,0.0023,0.0023,root did not make any weight difference.,,,,,,,,,,,,,,,,,
40,NC_NC,10B,,,,,,,,,,,,,,,,,,,,,,,,
41,CON_FL,1A,,,,,,,,,,,,,,,,,,,,,,,,
41,CON_FL,1B,,,,,,,,,,,,,,,,,,,,,,,,
41,CON_FL,2A,,,,,,,,,,,,,,,,,,,,,,,,
41,CON_FL,2B,,,,,,,,,,,,,,,,,,,,,,,,
41,CON_FL,3A,,,,,,,,,,,,,,,,,,,,,,,,
41,CON_FL,3B,,,,,,,,,,,,,,,,,,,,,,,,
41,CON_FL,4A,,,,,,,,,,,,,,,,,,,,,,,,
41,CON_FL,4B,,,,,,,,,,,,,,,,,,,,,,,,
41,CON_FL,5A,,,,,,,,,,,,,,,,,,,,,,,,
41,CON_FL,5B,,,,,,,,,,,,,,,,,,,,,,,,
41,CON_FL,6A,,,,,,,,,,,,,,,,,,,,,,,,
41,CON_FL,6B,,,,,,,,,,,,,,,,,,,,,,,,
41,CON_FL,7A,,,62.96,0.0012,0.0053,0.0041,,,,,,,,,,,,,,,,,,
41,CON_FL,7B,,,,,,,,,,,,,,,,,,,,,,,,
41,CON_FL,8A,30,2,,,,,germ not found,,,,,,,,,,,,,,,,,
41,CON_FL,8B,,,,,,,,,,,,,,,,,,,,,,,,
41,CON_FL,9A,,,,,,,,,,,,,,,,,,,,,,,,
41,CON_FL,9B,,,,,,,,,,,,,,,,,,,,,,,,
41,CON_FL,10A,12,8,54.73,0.0008,0.002,0.0012,,,,,,,,,,,,,,,,,,
41,CON_FL,10B,,,,,,,,,,,,,,,,,,,,,,,,
42,CON_FL,1A,,,,,,,,,,,,,,,,,,,,,,,,
42,CON_FL,1B,,,,,,,,,,,,,,,,,,,,,,,,
42,CON_FL,2A,13,9,120.84,0.0015,0.0056,0.0041,,,,,,,,,,,,,,,,,,
42,CON_FL,2B,,,,,,,,,,,,,,,,,,,,,,,,
42,CON_FL,3A,,,,,,,,,,,,,,,,,,,,,,,,
42,CON_FL,3B,,,,,,,,,,,,,,,,,,,,,,,,
42,CON_FL,4A,,,,,,,,,,,,,,,,,,,,,,,,
42,CON_FL,4B,,,,,,,,,,,,,,,,,,,,,,,,
42,CON_FL,5A,13,4,46.58,0.0014,0.0064,0.005,,,,,,,,,,,,,,,,,,
42,CON_FL,5B,,,,,,,,,,,,,,,,,,,,,,,,
42,CON_FL,6A,,,,,,,,,,,,,,,,,,,,,,,,
42,CON_FL,6B,,,,,,,,,,,,,,,,,,,,,,,,
42,CON_FL,7A,,,,,,,,,,,,,,,,,,,,,,,,
42,CON_FL,7B,,,,,,,,,,,,,,,,,,,,,,,,
42,CON_FL,8A,,,,,,,,,,,,,,,,,,,,,,,,
42,CON_FL,8B,,,,,,,,,,,,,,,,,,,,,,,,
42,CON_FL,9A,,,,,,,,,,,,,,,,,,,,,,,,
42,CON_FL,9B,,,,,,,,,,,,,,,,,,,,,,,,
42,CON_FL,10A,,,,,,,,,,,,,,,,,,,,,,,,
42,CON_FL,10B,,,,,,,,,,,,,,,,,,,,,,,,
43,CON_FL,1A,,,,,,,,,,,,,,,,,,,,,,,,
43,CON_FL,1B,,,,,,,,,,,,,,,,,,,,,,,,
43,CON_FL,2A,,,,,,,,,,,,,,,,,,,,,,,,
43,CON_FL,2B,,,,,,,,,,,,,,,,,,,,,,,,
43,CON_FL,3A,,,,,,,,,,,,,,,,,,,,,,,,
43,CON_FL,3B,,,,,,,,,,,,,,,,,,,,,,,,
43,CON_FL,4A,9.5,15,,,,,,,,,,,,,,,,,,,,,,
43,CON_FL,4B,,,,,,,,,,,,,,,,,,,,,,,,
43,CON_FL,5A,,,,,,,,,,,,,,,,,,,,,,,,
43,CON_FL,5B,,,,,,,,,,,,,,,,,,,,,,,,
43,CON_FL,6A,,,,,,,,,,,,,,,,,,,,,,,,
43,CON_FL,6B,,,,,,,,,,,,,,,,,,,,,,,,
43,CON_FL,7A,19,21,81.78,0.0013,0.0048,0.0035,,,,,,,,,,,,,,,,,,
43,CON_FL,7B,,,,,,,,,,,,,,,,,,,,,,,,
43,CON_FL,8A,28,6,29.17,0.0002,0.0029,0.0027,,,,,,,,,,,,,,,,,,
43,CON_FL,8B,,,,,,,,,,,,,,,,,,,,,,,,
43,CON_FL,9A,,,,,,,,,,,,,,,,,,,,,,,,
43,CON_FL,9B,,,,,,,,,,,,,,,,,,,,,,,,
43,CON_FL,10A,,,,,,,,,,,,,,,,,,,,,,,,
43,CON_FL,10B,,,,,,,,,,,,,,,,,,,,,,,,
44,CON_FL,1A,,,,,,,,,,,,,,,,,,,,,,,,
44,CON_FL,1B,,,,,,,,,,,,,,,,,,,,,,,,
44,CON_FL,2A,,,,,,,,,,,,,,,,,,,,,,,,
44,CON_FL,2B,,,,,,,,,,,,,,,,,,,,,,,,
44,CON_FL,3A,19,7,46.62,0,0.0037,0.0037,no roots,,,,,,,,,,,,,,,,,
44,CON_FL,3B,,,,,,,,,,,,,,,,,,,,,,,,
44,CON_FL,4A,,,,,,,,,,,,,,,,,,,,,,,,
44,CON_FL,4B,,,,,,,,,,,,,,,,,,,,,,,,
44,CON_FL,5A,19,30,146.25,0.0011,0.0056,0.0045,,,,,,,,,,,,,,,,,,
44,CON_FL,5B,,,,,,,,,,,,,,,,,,,,,,,,
44,CON_FL,6A,,,,,,,,,,,,,,,,,,,,,,,,
44,CON_FL,6B,,,,,,,,,,,,,,,,,,,,,,,,
44,CON_FL,7A,14,9,172.04,0.0012,0.0033,0.0021,,,,,,,,,,,,,,,,,,
44,CON_FL,7B,22,10,122.83,0.0032,0.0097,0.0065,,,,,,,,,,,,,,,,,,
44,CON_FL,8A,,,,,,,,,,,,,,,,,,,,,,,,
44,CON_FL,8B,,,,,,,,,,,,,,,,,,,,,,,,
44,CON_FL,9A,19,21,54.11,0.0007,0.0068,0.0061,,,,,,,,,,,,,,,,,,
44,CON_FL,9B,,,,,,,,,,,,,,,,,,,,,,,,
44,CON_FL,10A,,,,,,,,,,,,,,,,,,,,,,,,
44,CON_FL,10B,,,,,,,,,,,,,,,,,,,,,,,,
45,NC_FL,1A,24,5,66.94,0.0005,0.0034,0.0029,,,,,,,,,,,,,,,,,,
45,NC_FL,1B,,,,,,,,,,,,,,,,,,,,,,,,
45,NC_FL,2A,,,,,,,,,,,,,,,,,,,,,,,,
45,NC_FL,2B,,,,,,,,,,,,,,,,,,,,,,,,
45,NC_FL,3A,,,,,,,,,,,,,,,,,,,,,,,,
45,NC_FL,3B,,,,,,,,,,,,,,,,,,,,,,,,
45,NC_FL,4A,,,,,,,,,,,,,,,,,,,,,,,,
45,NC_FL,4B,,,,,,,,,,,,,,,,,,,,,,,,
45,NC_FL,5A,,,,,,,,,,,,,,,,,,,,,,,,
45,NC_FL,5B,,,,,,,,,,,,,,,,,,,,,,,,
45,NC_FL,6A,19,18,68.88,0.0006,0.0036,0.003,,,,,,,,,,,,,,,,,,
45,NC_FL,6B,,,,,,,,,,,,,,,,,,,,,,,,
45,NC_FL,7A,,,,,,,,,,,,,,,,,,,,,,,,
45,NC_FL,7B,,,,,,,,,,,,,,,,,,,,,,,,
45,NC_FL,8A,,,,,,,,,,,,,,,,,,,,,,,,
45,NC_FL,8B,,,,,,,,,,,,,,,,,,,,,,,,
45,NC_FL,9A,,,,,,,,,,,,,,,,,,,,,,,,
45,NC_FL,9B,,,,,,,,,,,,,,,,,,,,,,,,
45,NC_FL,10A,,,,,,,,,,,,,,,,,,,,,,,,
45,NC_FL,10B,,,,,,,,,,,,,,,,,,,,,,,,
46,NC_FL,1A,,,,,,,,,,,,,,,,,,,,,,,,
46,NC_FL,1B,,,,,,,,,,,,,,,,,,,,,,,,
46,NC_FL,2A,,,,,,,,,,,,,,,,,,,,,,,,
46,NC_FL,2B,,,,,,,,,,,,,,,,,,,,,,,,
46,NC_FL,3A,,,,,,,,,,,,,,,,,,,,,,,,
46,NC_FL,3B,,,,,,,,,,,,,,,,,,,,,,,,
46,NC_FL,4A,12,3,81.81,0,0.0029,0.0029,no roots,,,,,,,,,,,,,,,,,
46,NC_FL,4B,,,,,,,,,,,,,,,,,,,,,,,,
46,NC_FL,5A,,,,,,,,,,,,,,,,,,,,,,,,
46,NC_FL,5B,,,,,,,,,,,,,,,,,,,,,,,,
46,NC_FL,6A,14,4,73.7,0.0019,0.0069,0.005,,,,,,,,,,,,,,,,,,
46,NC_FL,6B,,,,,,,,,,,,,,,,,,,,,,,,
46,NC_FL,7A,19,24,,,,,,,,,,,,,,,,,,,,,,
46,NC_FL,7B,,,,,,,,,,,,,,,,,,,,,,,,
46,NC_FL,8A,,,,,,,,,,,,,,,,,,,,,,,,
46,NC_FL,8B,,,,,,,,,,,,,,,,,,,,,,,,
46,NC_FL,9A,,,,,,,,,,,,,,,,,,,,,,,,
46,NC_FL,9B,,,,,,,,,,,,,,,,,,,,,,,,
46,NC_FL,10A,,,,,,,,,,,,,,,,,,,,,,,,
46,NC_FL,10B,,,,,,,,,,,,,,,,,,,,,,,,
47,CON_FL,1A,12,3,81.08,0.0009,0.0081,0.0072,,,,,,,,,,,,,,,,,,
47,CON_FL,1B,19,7,63.89,0.0009,0.0048,0.0039,,,,,,,,,,,,,,,,,,
47,CON_FL,2A,,,,,,,,,,,,,,,,,,,,,,,,
47,CON_FL,2B,,,,,,,,,,,,,,,,,,,,,,,,
47,CON_FL,3A,,,,,,,,,,,,,,,,,,,,,,,,
47,CON_FL,3B,,,,,,,,,,,,,,,,,,,,,,,,
47,CON_FL,4A,,,,,,,,,,,,,,,,,,,,,,,,
47,CON_FL,4B,,,,,,,,,,,,,,,,,,,,,,,,
47,CON_FL,5A,22,8,91.49,0.0006,0.0043,0.0037,,,,,,,,,,,,,,,,,,
47,CON_FL,5B,,,,,,,,,,,,,,,,,,,,,,,,
47,CON_FL,6A,28,4,37.78,0.0004,0.0031,0.0027,,,,,,,,,,,,,,,,,,
47,CON_FL,6B,,,,,,,,,,,,,,,,,,,,,,,,
47,CON_FL,7A,,,,,,,,,,,,,,,,,,,,,,,,
47,CON_FL,7B,,,,,,,,,,,,,,,,,,,,,,,,
47,CON_FL,8A,14,5,53.27,0.0018,0.0052,0.0034,,,,,,,,,,,,,,,,,,
47,CON_FL,8B,,,,,,,,,,,,,,,,,,,,,,,,
47,CON_FL,9A,,,,,,,,,,,,,,,,,,,,,,,,
47,CON_FL,9B,,,,,,,,,,,,,,,,,,,,,,,,
47,CON_FL,10A,,,,,,,,,,,,,,,,,,,,,,,,
47,CON_FL,10B,,,,,,,,,,,,,,,,,,,,,,,,
48,CON_NC,1A,,,,,,,,,,,,,,,,,,,,,,,,
48,CON_NC,1B,,,,,,,,,,,,,,,,,,,,,,,,
48,CON_NC,2A,,,,,,,,,,,,,,,,,,,,,,,,
48,CON_NC,2B,,,,,,,,,,,,,,,,,,,,,,,,
48,CON_NC,3A,,,,,,,,,,,,,,,,,,,,,,,,
48,CON_NC,3B,,,,,,,,,,,,,,,,,,,,,,,,
48,CON_NC,4A,,,,,,,,,,,,,,,,,,,,,,,,
48,CON_NC,4B,,,,,,,,,,,,,,,,,,,,,,,,
48,CON_NC,5A,,,,,,,,,,,,,,,,,,,,,,,,
48,CON_NC,5B,,,,,,,,,,,,,,,,,,,,,,,,
48,CON_NC,6A,,,,,,,,,,,,,,,,,,,,,,,,
48,CON_NC,6B,,,,,,,,,,,,,,,,,,,,,,,,
48,CON_NC,7A,,,,,,,,,,,,,,,,,,,,,,,,
48,CON_NC,7B,,,,,,,,,,,,,,,,,,,,,,,,
48,CON_NC,8A,,,,,,,,,,,,,,,,,,,,,,,,
48,CON_NC,8B,,,,,,,,,,,,,,,,,,,,,,,,
48,CON_NC,9A,,,,,,,,,,,,,,,,,,,,,,,,
48,CON_NC,9B,,,,,,,,,,,,,,,,,,,,,,,,
48,CON_NC,10A,,,,,,,,,,,,,,,,,,,,,,,,
48,CON_NC,10B,,,,,,,,,,,,,,,,,,,,,,,,
49,FL_NC,1A,,,,,,,,,,,,,,,,,,,,,,,,
49,FL_NC,1B,,,,,,,,,,,,,,,,,,,,,,,,
49,FL_NC,2A,,,,,,,,,,,,,,,,,,,,,,,,
49,FL_NC,2B,,,,,,,,,,,,,,,,,,,,,,,,
49,FL_NC,3A,20,4,105.13,0.0003,0.0048,0.0045,,,,,,,,,,,,,,,,,,
49,FL_NC,3B,,,,,,,,,,,,,,,,,,,,,,,,
49,FL_NC,4A,,,,,,,,,,,,,,,,,,,,,,,,
49,FL_NC,4B,,,,,,,,,,,,,,,,,,,,,,,,
49,FL_NC,5A,,,,,,,,,,,,,,,,,,,,,,,,
49,FL_NC,5B,,,,,,,,,,,,,,,,,,,,,,,,
49,FL_NC,6A,22,8,80.65,0.0012,0.0049,0.0037,,,,,,,,,,,,,,,,,,
49,FL_NC,6B,,,,,,,,,,,,,,,,,,,,,,,,
49,FL_NC,7A,22,2,97.49,0.0008,0.0029,0.0021,,,,,,,,,,,,,,,,,,
49,FL_NC,7B,,,,,,,,,,,,,,,,,,,,,,,,
49,FL_NC,8A,,,,,,,,,,,,,,,,,,,,,,,,
49,FL_NC,8B,,,,,,,,,,,,,,,,,,,,,,,,
49,FL_NC,9A,29,3,54.43,0.0004,0.0028,0.0024,,,,,,,,,,,,,,,,,,
49,FL_NC,9B,,,,,,,,,,,,,,,,,,,,,,,,
49,FL_NC,10A,,,,,,,,,,,,,,,,,,,,,,,,
49,FL_NC,10B,,,,,,,,,,,,,,,,,,,,,,,,
50,NC_FL,1A,,,,,,,,,,,,,,,,,,,,,,,,
50,NC_FL,1B,,,,,,,,,,,,,,,,,,,,,,,,
50,NC_FL,2A,,,,,,,,,,,,,,,,,,,,,,,,
50,NC_FL,2B,,,,,,,,,,,,,,,,,,,,,,,,
50,NC_FL,3A,20,3,85.56,0.0027,0.008,0.0053,,,,,,,,,,,,,,,,,,
50,NC_FL,3B,,,,,,,,,,,,,,,,,,,,,,,,
50,NC_FL,4A,,,,,,,,,,,,,,,,,,,,,,,,
50,NC_FL,4B,,,,,,,,,,,,,,,,,,,,,,,,
50,NC_FL,5A,,,,,,,,,,,,,,,,,,,,,,,,
50,NC_FL,5B,,,,,,,,,,,,,,,,,,,,,,,,
50,NC_FL,6A,,,,,,,,,,,,,,,,,,,,,,,,
50,NC_FL,6B,,,,,,,,,,,,,,,,,,,,,,,,
50,NC_FL,7A,,,,,,,,,,,,,,,,,,,,,,,,
50,NC_FL,7B,,,,,,,,,,,,,,,,,,,,,,,,
50,NC_FL,8A,,,,,,,,,,,,,,,,,,,,,,,,
50,NC_FL,8B,,,,,,,,,,,,,,,,,,,,,,,,
50,NC_FL,9A,19,21,,0.0008,0.0048,0.004,,,,,,,,,,,,,,,,,,
50,NC_FL,9B,22,8,59.58,0.0006,0.0059,0.0053,,,,,,,,,,,,,,,,,,
50,NC_FL,10A,,,,,,,,,,,,,,,,,,,,,,,,
50,NC_FL,10B,,,,,,,,,,,,,,,,,,,,,,,,
51,CON_NC,1A,,,,,,,,,,,,,,,,,,,,,,,,
51,CON_NC,1B,,,,,,,,,,,,,,,,,,,,,,,,
51,CON_NC,2A,27,6,69.2,0.0004,0.0037,0.0033,,,,,,,,,,,,,,,,,,
51,CON_NC,2B,,,,,,,,,,,,,,,,,,,,,,,,
51,CON_NC,3A,12,4,,0.0002,0.0043,0.0041,,,,,,,,,,,,,,,,,,
51,CON_NC,3B,,,,,,,,,,,,,,,,,,,,,,,,
51,CON_NC,4A,,,,,,,,,,,,,,,,,,,,,,,,
51,CON_NC,4B,,,,,,,,,,,,,,,,,,,,,,,,
51,CON_NC,5A,,,,,,,,,,,,,,,,,,,,,,,,
51,CON_NC,5B,,,,,,,,,,,,,,,,,,,,,,,,
51,CON_NC,6A,,,,,,,,,,,,,,,,,,,,,,,,
51,CON_NC,6B,,,,,,,,,,,,,,,,,,,,,,,,
51,CON_NC,7A,19,20,69.41,0.0009,0.006,0.0051,,,,,,,,,,,,,,,,,,
51,CON_NC,7B,,,,,,,,,,,,,,,,,,,,,,,,
51,CON_NC,8A,12,10,76.85,0.0006,0.0081,0.0075,,,,,,,,,,,,,,,,,,
51,CON_NC,8B,13,6,71.66,0.0015,0.0073,0.0058,,,,,,,,,,,,,,,,,,
51,CON_NC,9A,,,,,,,,,,,,,,,,,,,,,,,,
51,CON_NC,9B,,,,,,,,,,,,,,,,,,,,,,,,
51,CON_NC,10A,,,,,,,,,,,,,,,,,,,,,,,,
51,CON_NC,10B,,,,,,,,,,,,,,,,,,,,,,,,
52,CON_NC,1A,,,,,,,,,,,,,,,,,,,,,,,,
52,CON_NC,1B,,,,,,,,,,,,,,,,,,,,,,,,
52,CON_NC,2A,,,,,,,,,,,,,,,,,,,,,,,,
52,CON_NC,2B,,,,,,,,,,,,,,,,,,,,,,,,
52,CON_NC,3A,,,,,,,,,,,,,,,,,,,,,,,,
52,CON_NC,3B,,,,,,,,,,,,,,,,,,,,,,,,
52,CON_NC,4A,,,,,,,,,,,,,,,,,,,,,,,,
52,CON_NC,4B,,,,,,,,,,,,,,,,,,,,,,,,
52,CON_NC,5A,,,,,,,,,,,,,,,,,,,,,,,,
52,CON_NC,5B,,,,,,,,,,,,,,,,,,,,,,,,
52,CON_NC,6A,,,,,,,,,,,,,,,,,,,,,,,,
52,CON_NC,6B,,,,,,,,,,,,,,,,,,,,,,,,
52,CON_NC,7A,,,,,,,,,,,,,,,,,,,,,,,,
52,CON_NC,7B,,,,,,,,,,,,,,,,,,,,,,,,
52,CON_NC,8A,,,,,,,,,,,,,,,,,,,,,,,,
52,CON_NC,8B,,,,,,,,,,,,,,,,,,,,,,,,
52,CON_NC,9A,,,,,,,,,,,,,,,,,,,,,,,,
52,CON_NC,9B,,,,,,,,,,,,,,,,,,,,,,,,
52,CON_NC,10A,,,,,,,,,,,,,,,,,,,,,,,,
52,CON_NC,10B,,,,,,,,,,,,,,,,,,,,,,,,
53,CON_NC,1A,,,,,,,,,,,,,,,,,,,,,,,,
53,CON_NC,1B,,,,,,,,,,,,,,,,,,,,,,,,
53,CON_NC,2A,,,,,,,,,,,,,,,,,,,,,,,,
53,CON_NC,2B,,,,,,,,,,,,,,,,,,,,,,,,
53,CON_NC,3A,20,3,98.73,0.0012,0.005,0.0038,,,,,,,,,,,,,,,,,,
53,CON_NC,3B,,,,,,,,,,,,,,,,,,,,,,,,
53,CON_NC,4A,,,,,,,,,,,,,,,,,,,,,,,,
53,CON_NC,4B,,,,,,,,,,,,,,,,,,,,,,,,
53,CON_NC,5A,,,,,,,,,,,,,,,,,,,,,,,,
53,CON_NC,5B,,,,,,,,,,,,,,,,,,,,,,,,
53,CON_NC,6A,27,4,56.79,1E-04,0.0045,0.0044,,,,,,,,,,,,,,,,,,
53,CON_NC,6B,,,,,,,,,,,,,,,,,,,,,,,,
53,CON_NC,7A,,,,,,,,,,,,,,,,,,,,,,,,
53,CON_NC,7B,,,,,,,,,,,,,,,,,,,,,,,,
53,CON_NC,8A,,,,,,,,,,,,,,,,,,,,,,,,
53,CON_NC,8B,,,,,,,,,,,,,,,,,,,,,,,,
53,CON_NC,9A,,,,,,,,,,,,,,,,,,,,,,,,
53,CON_NC,9B,,,,,,,,,,,,,,,,,,,,,,,,
53,CON_NC,10A,,,,,,,,,,,,,,,,,,,,,,,,
53,CON_NC,10B,,,,,,,,,,,,,,,,,,,,,,,,
54,NC_NC,1A,,,,,,,,,,,,,,,,,,,,,,,,
54,NC_NC,1B,,,,,,,,,,,,,,,,,,,,,,,,
54,NC_NC,2A,,,,,,,,,,,,,,,,,,,,,,,,
54,NC_NC,2B,,,,,,,,,,,,,,,,,,,,,,,,
54,NC_NC,3A,13,3,121.53,0.001,0.0051,0.0041,,,,,,,,,,,,,,,,,,
54,NC_NC,3B,,,,,,,,,,,,,,,,,,,,,,,,
54,NC_NC,4A,,,,,,,,,,,,,,,,,,,,,,,,
54,NC_NC,4B,,,,,,,,,,,,,,,,,,,,,,,,
54,NC_NC,5A,,,,,,,,,,,,,,,,,,,,,,,,
54,NC_NC,5B,,,,,,,,,,,,,,,,,,,,,,,,
54,NC_NC,6A,,,,,,,,,,,,,,,,,,,,,,,,
54,NC_NC,6B,,,,,,,,,,,,,,,,,,,,,,,,
54,NC_NC,7A,36,6,17.32,0,0.0021,0.0021,no roots found,,,,,,,,,,,,,,,,,
54,NC_NC,7B,,,,,,,,,,,,,,,,,,,,,,,,
54,NC_NC,8A,,,,,,,,,,,,,,,,,,,,,,,,
54,NC_NC,8B,,,,,,,,,,,,,,,,,,,,,,,,
54,NC_NC,9A,,,,,,,,,,,,,,,,,,,,,,,,
54,NC_NC,9B,,,,,,,,,,,,,,,,,,,,,,,,
54,NC_NC,10A,,,,,,,,,,,,,,,,,,,,,,,,
54,NC_NC,10B,,,,,,,,,,,,,,,,,,,,,,,,
55,CON_FL,1A,22,4,100.29,0.0008,0.005,0.0042,,,,,,,,,,,,,,,,,,
55,CON_FL,1B,,,,,,,,,,,,,,,,,,,,,,,,
55,CON_FL,2A,33,1,,,,,germ not found,,,,,,,,,,,,,,,,,
55,CON_FL,2B,,,,,,,,,,,,,,,,,,,,,,,,
55,CON_FL,3A,,,,,,,,,,,,,,,,,,,,,,,,
55,CON_FL,3B,,,,,,,,,,,,,,,,,,,,,,,,
55,CON_FL,4A,,,,,,,,,,,,,,,,,,,,,,,,
55,CON_FL,4B,,,,,,,,,,,,,,,,,,,,,,,,
55,CON_FL,5A,,,,,,,,,,,,,,,,,,,,,,,,
55,CON_FL,5B,,,,,,,,,,,,,,,,,,,,,,,,
55,CON_FL,6A,,,,,,,,,,,,,,,,,,,,,,,,
55,CON_FL,6B,,,,,,,,,,,,,,,,,,,,,,,,
55,CON_FL,7A,12,5,15.55,0,0.0024,0.0024,no roots,,,,,,,,,,,,,,,,,
55,CON_FL,7B,,,,,,,,,,,,,,,,,,,,,,,,
55,CON_FL,8A,,,,,,,,,,,,,,,,,,,,,,,,
55,CON_FL,8B,,,,,,,,,,,,,,,,,,,,,,,,
55,CON_FL,9A,12,5,148.32,0.0014,0.0078,0.0064,,,,,,,,,,,,,,,,,,
55,CON_FL,9B,,,,,,,,,,,,,,,,,,,,,,,,
55,CON_FL,10A,19,5,,,,,germ not found,,,,,,,,,,,,,,,,,
55,CON_FL,10B,,,,,,,,,,,,,,,,,,,,,,,,
56,CON_FL,1A,19,24,53.88,0.0003,0.0037,0.0034,,,,,,,,,,,,,,,,,,
56,CON_FL,1B,,,,0.0004,0.0033,0.0029,,,,,,,,,,,,,,,,,,
56,CON_FL,2A,,,,,,,,,,,,,,,,,,,,,,,,
56,CON_FL,2B,,,,,,,,,,,,,,,,,,,,,,,,
56,CON_FL,3A,,,,,,,,,,,,,,,,,,,,,,,,
56,CON_FL,3B,,,,,,,,,,,,,,,,,,,,,,,,
56,CON_FL,4A,,,,,,,,,,,,,,,,,,,,,,,,
56,CON_FL,4B,,,,,,,,,,,,,,,,,,,,,,,,
56,CON_FL,5A,19,5,35.61,0.0002,0.0025,0.0023,,,,,,,,,,,,,,,,,,
56,CON_FL,5B,,,,,,,,,,,,,,,,,,,,,,,,
56,CON_FL,6A,19,12,34.47,0.0008,0.0112,0.0104,,,,,,,,,,,,,,,,,,
56,CON_FL,6B,32,3,61.45,0.0006,0.0044,0.0038,,,,,,,,,,,,,,,,,,
56,CON_FL,7A,12,5,210.4,0.003,0.0124,0.0094,,,,,,,,,,,,,,,,,,
56,CON_FL,7B,,,,,,,,,,,,,,,,,,,,,,,,
56,CON_FL,8A,12,3,155.19,0.0023,0.01,0.0077,,,,,,,,,,,,,,,,,,
56,CON_FL,8B,,,,,,,,,,,,,,,,,,,,,,,,
56,CON_FL,9A,,,,,,,,,,,,,,,,,,,,,,,,
56,CON_FL,9B,,,,,,,,,,,,,,,,,,,,,,,,
56,CON_FL,10A,,,,,,,,,,,,,,,,,,,,,,,,
56,CON_FL,10B,,,,,,,,,,,,,,,,,,,,,,,,
57,CON_FL,1A,,,168.43,0.0024,0.0112,0.0088,,,,,,,,,,,,,,,,,,
57,CON_FL,1B,,,,,,,,,,,,,,,,,,,,,,,,
57,CON_FL,2A,13,9,,,,,,,,,,,,,,,,,,,,,,
57,CON_FL,2B,,,,,,,,,,,,,,,,,,,,,,,,
57,CON_FL,3A,,,,,,,,,,,,,,,,,,,,,,,,
57,CON_FL,3B,,,,,,,,,,,,,,,,,,,,,,,,
57,CON_FL,4A,,,,,,,,,,,,,,,,,,,,,,,,
57,CON_FL,4B,,,,,,,,,,,,,,,,,,,,,,,,
57,CON_FL,5A,,,,,,,,,,,,,,,,,,,,,,,,
57,CON_FL,5B,,,,,,,,,,,,,,,,,,,,,,,,
57,CON_FL,6A,,,,,,,,,,,,,,,,,,,,,,,,
57,CON_FL,6B,,,,,,,,,,,,,,,,,,,,,,,,
57,CON_FL,7A,,,,,,,,,,,,,,,,,,,,,,,,
57,CON_FL,7B,,,,,,,,,,,,,,,,,,,,,,,,
57,CON_FL,8A,,,,,,,,,,,,,,,,,,,,,,,,
57,CON_FL,8B,,,,,,,,,,,,,,,,,,,,,,,,
57,CON_FL,9A,,,,,,,,,,,,,,,,,,,,,,,,
57,CON_FL,9B,,,,,,,,,,,,,,,,,,,,,,,,
57,CON_FL,10A,,,,,,,,,,,,,,,,,,,,,,,,
57,CON_FL,10B,,,,,,,,,,,,,,,,,,,,,,,,
58,NC_NC,1A,34,5,36.85,0,0.0022,0.0022,no roots found,,,,,,,,,,,,,,,,,
58,NC_NC,1B,,,,,,,,,,,,,,,,,,,,,,,,
58,NC_NC,2A,,,,,,,,,,,,,,,,,,,,,,,,
58,NC_NC,2B,,,,,,,,,,,,,,,,,,,,,,,,
58,NC_NC,3A,,,,,,,,,,,,,,,,,,,,,,,,
58,NC_NC,3B,,,,,,,,,,,,,,,,,,,,,,,,
58,NC_NC,4A,,,,,,,,,,,,,,,,,,,,,,,,
58,NC_NC,4B,,,,,,,,,,,,,,,,,,,,,,,,
58,NC_NC,5A,22,7,23.64,0,0.0018,0.0018,no root,,,,,,,,,,,,,,,,,
58,NC_NC,5B,,,,,,,,,,,,,,,,,,,,,,,,
58,NC_NC,6A,,,,,,,,,,,,,,,,,,,,,,,,
58,NC_NC,6B,,,,,,,,,,,,,,,,,,,,,,,,
58,NC_NC,7A,30,13,68.09,0.0009,0.0033,0.0024,,,,,,,,,,,,,,,,,,
58,NC_NC,7B,,,,,,,,,,,,,,,,,,,,,,,,
58,NC_NC,8A,,,,,,,,,,,,,,,,,,,,,,,,
58,NC_NC,8B,,,,,,,,,,,,,,,,,,,,,,,,
58,NC_NC,9A,,,,,,,,,,,,,,,,,,,,,,,,
58,NC_NC,9B,,,,,,,,,,,,,,,,,,,,,,,,
58,NC_NC,10A,,,,,,,,,,,,,,,,,,,,,,,,
58,NC_NC,10B,,,,,,,,,,,,,,,,,,,,,,,,
59,CON_NC,1A,,,,,,,,,,,,,,,,,,,,,,,,
59,CON_NC,1B,,,,,,,,,,,,,,,,,,,,,,,,
59,CON_NC,2A,,,,,,,,,,,,,,,,,,,,,,,,
59,CON_NC,2B,,,,,,,,,,,,,,,,,,,,,,,,
59,CON_NC,3A,39,5,5.53,0,0.0022,0.0022,no root,,,,,,,,,,,,,,,,,
59,CON_NC,3B,,,,,,,,,,,,,,,,,,,,,,,,
59,CON_NC,4A,,,,,,,,,,,,,,,,,,,,,,,,
59,CON_NC,4B,,,,,,,,,,,,,,,,,,,,,,,,
59,CON_NC,5A,,,,,,,,,,,,,,,,,,,,,,,,
59,CON_NC,5B,,,,,,,,,,,,,,,,,,,,,,,,
59,CON_NC,6A,33,10,54.85,0.0005,0.003,0.0025,,,,,,,,,,,,,,,,,,
59,CON_NC,6B,,,,,,,,,,,,,,,,,,,,,,,,
59,CON_NC,7A,,,,,,,,,,,,,,,,,,,,,,,,
59,CON_NC,7B,,,,,,,,,,,,,,,,,,,,,,,,
59,CON_NC,8A,,,,,,,,,,,,,,,,,,,,,,,,
59,CON_NC,8B,,,,,,,,,,,,,,,,,,,,,,,,
59,CON_NC,9A,,,,,,,,,,,,,,,,,,,,,,,,
59,CON_NC,9B,,,,,,,,,,,,,,,,,,,,,,,,
59,CON_NC,10A,,,,,,,,,,,,,,,,,,,,,,,,
59,CON_NC,10B,,,,,,,,,,,,,,,,,,,,,,,,
60,FL_NC,1A,,,,,,,,,,,,,,,,,,,,,,,,
60,FL_NC,1B,,,,,,,,,,,,,,,,,,,,,,,,
60,FL_NC,2A,,,,,,,,,,,,,,,,,,,,,,,,
60,FL_NC,2B,,,,,,,,,,,,,,,,,,,,,,,,
60,FL_NC,3A,,,,,,,,,,,,,,,,,,,,,,,,
60,FL_NC,3B,,,,,,,,,,,,,,,,,,,,,,,,
60,FL_NC,4A,,,,,,,,,,,,,,,,,,,,,,,,
60,FL_NC,4B,,,,,,,,,,,,,,,,,,,,,,,,
60,FL_NC,5A,,,,,,,,,,,,,,,,,,,,,,,,
60,FL_NC,5B,,,,,,,,,,,,,,,,,,,,,,,,
60,FL_NC,6A,,,,,,,,,,,,,,,,,,,,,,,,
60,FL_NC,6B,,,,,,,,,,,,,,,,,,,,,,,,
60,FL_NC,7A,,,,,,,,,,,,,,,,,,,,,,,,
60,FL_NC,7B,,,,,,,,,,,,,,,,,,,,,,,,
60,FL_NC,8A,,,,,,,,,,,,,,,,,,,,,,,,
60,FL_NC,8B,,,,,,,,,,,,,,,,,,,,,,,,
60,FL_NC,9A,,,,,,,,,,,,,,,,,,,,,,,,
60,FL_NC,9B,,,,,,,,,,,,,,,,,,,,,,,,
60,FL_NC,10A,,,,,,,,,,,,,,,,,,,,,,,,
60,FL_NC,10B,,,,,,,,,,,,,,,,,,,,,,,,
61,CON_FL,1A,,,,,,,,,,,,,,,,,,,,,,,,
61,CON_FL,1B,,,,,,,,,,,,,,,,,,,,,,,,
61,CON_FL,2A,,,,,,,,,,,,,,,,,,,,,,,,
61,CON_FL,2B,,,,,,,,,,,,,,,,,,,,,,,,
61,CON_FL,3A,,,,,,,,,,,,,,,,,,,,,,,,
61,CON_FL,3B,,,,,,,,,,,,,,,,,,,,,,,,
61,CON_FL,4A,,,,,,,,,,,,,,,,,,,,,,,,
61,CON_FL,4B,,,,,,,,,,,,,,,,,,,,,,,,
61,CON_FL,5A,25,5,48.66,0.0002,0.0032,0.003,,,,,,,,,,,,,,,,,,
61,CON_FL,5B,,,,,,,,,,,,,,,,,,,,,,,,
61,CON_FL,6A,,,,,,,,,,,,,,,,,,,,,,,,
61,CON_FL,6B,,,,,,,,,,,,,,,,,,,,,,,,
61,CON_FL,7A,,,,,,,,,,,,,,,,,,,,,,,,
61,CON_FL,7B,,,,,,,,,,,,,,,,,,,,,,,,
61,CON_FL,8A,,,,,,,,,,,,,,,,,,,,,,,,
61,CON_FL,8B,,,,,,,,,,,,,,,,,,,,,,,,
61,CON_FL,9A,,,,,,,,,,,,,,,,,,,,,,,,
61,CON_FL,9B,,,,,,,,,,,,,,,,,,,,,,,,
61,CON_FL,10A,19,29,61.09,0.0014,0.0057,0.0043,,,,,,,,,,,,,,,,,,
61,CON_FL,10B,,,,,,,,,,,,,,,,,,,,,,,,
62,CON_NC,1A,,,,,,,,,,,,,,,,,,,,,,,,
62,CON_NC,1B,,,,,,,,,,,,,,,,,,,,,,,,
62,CON_NC,2A,,,,,,,,,,,,,,,,,,,,,,,,
62,CON_NC,2B,,,,,,,,,,,,,,,,,,,,,,,,
62,CON_NC,3A,,,,,,,,,,,,,,,,,,,,,,,,
62,CON_NC,3B,,,,,,,,,,,,,,,,,,,,,,,,
62,CON_NC,4A,,,,,,,,,,,,,,,,,,,,,,,,
62,CON_NC,4B,,,,,,,,,,,,,,,,,,,,,,,,
62,CON_NC,5A,,,,,,,,,,,,,,,,,,,,,,,,
62,CON_NC,5B,,,,,,,,,,,,,,,,,,,,,,,,
62,CON_NC,6A,,,,,,,,,,,,,,,,,,,,,,,,
62,CON_NC,6B,,,,,,,,,,,,,,,,,,,,,,,,
62,CON_NC,7A,,,,,,,,,,,,,,,,,,,,,,,,
62,CON_NC,7B,,,,,,,,,,,,,,,,,,,,,,,,
62,CON_NC,8A,,,,,,,,,,,,,,,,,,,,,,,,
62,CON_NC,8B,,,,,,,,,,,,,,,,,,,,,,,,
62,CON_NC,9A,,,,,,,,,,,,,,,,,,,,,,,,
62,CON_NC,9B,,,,,,,,,,,,,,,,,,,,,,,,
62,CON_NC,10A,22,10,84.74,0.0007,0.0041,0.0034,,,,,,,,,,,,,,,,,,
62,CON_NC,10B,,,,,,,,,,,,,,,,,,,,,,,,
63,NC_FL,1A,,,,,,,,,,,,,,,,,,,,,,,,
63,NC_FL,1B,,,,,,,,,,,,,,,,,,,,,,,,
63,NC_FL,2A,29,6,83.04,0.0007,0.0033,0.0026,,,,,,,,,,,,,,,,,,
63,NC_FL,2B,29,5,50.43,0.0001,0.0027,0.0026,,,,,,,,,,,,,,,,,,
63,NC_FL,3A,27,7,97.6,0.0008,0.0035,0.0027,,,,,,,,,,,,,,,,,,
63,NC_FL,3B,,,,,,,,,,,,,,,,,,,,,,,,
63,NC_FL,4A,,,,,,,,,,,,,,,,,,,,,,,,
63,NC_FL,4B,,,,,,,,,,,,,,,,,,,,,,,,
63,NC_FL,5A,13,5,79.57,0.0006,0.0033,0.0027,,,,,,,,,,,,,,,,,,
63,NC_FL,5B,,,,,,,,,,,,,,,,,,,,,,,,
63,NC_FL,6A,19,14,58.17,0.0002,0.0026,0.0024,,,,,,,,,,,,,,,,,,
63,NC_FL,6B,19,6,65.55,0.0008,0.0039,0.0031,,,,,,,,,,,,,,,,,,
63,NC_FL,7A,,,,,,,,,,,,,,,,,,,,,,,,
63,NC_FL,7B,,,,,,,,,,,,,,,,,,,,,,,,
63,NC_FL,8A,37,8,47.22,0.0006,0.0024,0.0018,,,,,,,,,,,,,,,,,,
63,NC_FL,8B,,,,,,,,,,,,,,,,,,,,,,,,
63,NC_FL,9A,,,,,,,,,,,,,,,,,,,,,,,,
63,NC_FL,9B,,,,,,,,,,,,,,,,,,,,,,,,
63,NC_FL,10A,,,,,,,,,,,,,,,,,,,,,,,,
63,NC_FL,10B,,,,,,,,,,,,,,,,,,,,,,,,
64,CON_NC,1A,,,,,,,,,,,,,,,,,,,,,,,,
64,CON_NC,1B,,,,,,,,,,,,,,,,,,,,,,,,
64,CON_NC,2A,,,,,,,,,,,,,,,,,,,,,,,,
64,CON_NC,2B,,,,,,,,,,,,,,,,,,,,,,,,
64,CON_NC,3A,,,,,,,,,,,,,,,,,,,,,,,,
64,CON_NC,3B,,,,,,,,,,,,,,,,,,,,,,,,
64,CON_NC,4A,26,2,54.6,0.0006,0.0028,0.0022,,,,,,,,,,,,,,,,,,
64,CON_NC,4B,,,,,,,,,,,,,,,,,,,,,,,,
64,CON_NC,5A,37,24,45.15,0.0001,0.0015,0.0014,,,,,,,,,,,,,,,,,,
64,CON_NC,5B,,,,,,,,,,,,,,,,,,,,,,,,
64,CON_NC,6A,,,,,,,,,,,,,,,,,,,,,,,,
64,CON_NC,6B,,,,,,,,,,,,,,,,,,,,,,,,
64,CON_NC,7A,,,,,,,,,,,,,,,,,,,,,,,,
64,CON_NC,7B,,,,,,,,,,,,,,,,,,,,,,,,
64,CON_NC,8A,,,,,,,,,,,,,,,,,,,,,,,,
64,CON_NC,8B,,,,,,,,,,,,,,,,,,,,,,,,
64,CON_NC,9A,,,,,,,,,,,,,,,,,,,,,,,,
64,CON_NC,9B,,,,,,,,,,,,,,,,,,,,,,,,
64,CON_NC,10A,,,,,,,,,,,,,,,,,,,,,,,,
64,CON_NC,10B,,,,,,,,,,,,,,,,,,,,,,,,
65,FL_FL,1A,22,15,109.44,0.0005,0.0036,0.0031,,,,,,,,,,,,,,,,,,
65,FL_FL,1B,,,,,,,,,,,,,,,,,,,,,,,,
65,FL_FL,2A,9.5,12,47.52,0.0007,0.0051,0.0044,,,,,,,,,,,,,,,,,,
65,FL_FL,2B,,,,,,,,,,,,,,,,,,,,,,,,
65,FL_FL,3A,,,,,,,,,,,,,,,,,,,,,,,,
65,FL_FL,3B,,,,,,,,,,,,,,,,,,,,,,,,
65,FL_FL,4A,,,,,,,,,,,,,,,,,,,,,,,,
65,FL_FL,4B,,,,,,,,,,,,,,,,,,,,,,,,
65,FL_FL,5A,,,,,,,,,,,,,,,,,,,,,,,,
65,FL_FL,5B,,,,,,,,,,,,,,,,,,,,,,,,
65,FL_FL,6A,,,,,,,,,,,,,,,,,,,,,,,,
65,FL_FL,6B,,,,,,,,,,,,,,,,,,,,,,,,
65,FL_FL,7A,,,,,,,,,,,,,,,,,,,,,,,,
65,FL_FL,7B,,,,,,,,,,,,,,,,,,,,,,,,
65,FL_FL,8A,,,,,,,,,,,,,,,,,,,,,,,,
65,FL_FL,8B,,,,,,,,,,,,,,,,,,,,,,,,
65,FL_FL,9A,,,,,,,,,,,,,,,,,,,,,,,,
65,FL_FL,9B,,,,,,,,,,,,,,,,,,,,,,,,
65,FL_FL,10A,,,,,,,,,,,,,,,,,,,,,,,,
65,FL_FL,10B,,,,,,,,,,,,,,,,,,,,,,,,
66,NC_NC,1A,25,4,49.58,0.0005,0.0023,0.0018,,,,,,,,,,,,,,,,,,
66,NC_NC,1B,26,5,11.18,0.0001,0.0015,0.0014,,,,,,,,,,,,,,,,,,
66,NC_NC,2A,29,6,224.54,0.0021,0.0073,0.0052,,,,,,,,,,,,,,,,,,
66,NC_NC,2B,,,,,,,,,,,,,,,,,,,,,,,,
66,NC_NC,3A,12,9,50.77,0.0005,0.005,0.0045,,,,,,,,,,,,,,,,,,
66,NC_NC,3B,,,,,,,,,,,,,,,,,,,,,,,,
66,NC_NC,4A,13,2,74.22,0.0002,0.0032,0.003,,,,,,,,,,,,,,,,,,
66,NC_NC,4B,,,,,,,,,,,,,,,,,,,,,,,,
66,NC_NC,5A,,,,,,,,,,,,,,,,,,,,,,,,
66,NC_NC,5B,,,,,,,,,,,,,,,,,,,,,,,,
66,NC_NC,6A,,,,,,,,,,,,,,,,,,,,,,,,
66,NC_NC,6B,,,,,,,,,,,,,,,,,,,,,,,,
66,NC_NC,7A,,,,,,,,,,,,,,,,,,,,,,,,
66,NC_NC,7B,,,,,,,,,,,,,,,,,,,,,,,,
66,NC_NC,8A,,,,,,,,,,,,,,,,,,,,,,,,
66,NC_NC,8B,,,,,,,,,,,,,,,,,,,,,,,,
66,NC_NC,9A,37,3,56.26,0.0006,0.003,0.0024,,,,,,,,,,,,,,,,,,
66,NC_NC,9B,,,,,,,,,,,,,,,,,,,,,,,,
66,NC_NC,10A,,,,,,,,,,,,,,,,,,,,,,,,
66,NC_NC,10B,,,,,,,,,,,,,,,,,,,,,,,,
67,FL_NC,1A,13,8,109.2,0.0006,0.0023,0.0017,,,,,,,,,,,,,,,,,,
67,FL_NC,1B,,,,,,,,,,,,,,,,,,,,,,,,
67,FL_NC,2A,30,5,45.27,0.0003,0.0018,0.0015,,,,,,,,,,,,,,,,,,
67,FL_NC,2B,,,,,,,,,,,,,,,,,,,,,,,,
67,FL_NC,3A,,,,,,,,,,,,,,,,,,,,,,,,
67,FL_NC,3B,,,,,,,,,,,,,,,,,,,,,,,,
67,FL_NC,4A,,,,,,,,,,,,,,,,,,,,,,,,
67,FL_NC,4B,,,,,,,,,,,,,,,,,,,,,,,,
67,FL_NC,5A,22,6,131.28,0.001,0.0042,0.0032,,,,,,,,,,,,,,,,,,
67,FL_NC,5B,,,,,,,,,,,,,,,,,,,,,,,,
67,FL_NC,6A,30,6,50.94,0.0006,0.0028,0.0022,,,,,,,,,,,,,,,,,,
67,FL_NC,6B,,,,,,,,,,,,,,,,,,,,,,,,
67,FL_NC,7A,,,,,,,,,,,,,,,,,,,,,,,,
67,FL_NC,7B,,,,,,,,,,,,,,,,,,,,,,,,
67,FL_NC,8A,,,,,,,,,,,,,,,,,,,,,,,,
67,FL_NC,8B,,,,,,,,,,,,,,,,,,,,,,,,
67,FL_NC,9A,,,,,,,,,,,,,,,,,,,,,,,,
67,FL_NC,9B,,,,,,,,,,,,,,,,,,,,,,,,
67,FL_NC,10A,,,,,,,,,,,,,,,,,,,,,,,,
67,FL_NC,10B,,,,,,,,,,,,,,,,,,,,,,,,
68,NC_FL,1A,,,,,,,,,,,,,,,,,,,,,,,,
68,NC_FL,1B,,,,,,,,,,,,,,,,,,,,,,,,
68,NC_FL,2A,31,2,1.77,0.0002,0.0018,0.0016,,,,,,,,,,,,,,,,,,
68,NC_FL,2B,,,,,,,,,,,,,,,,,,,,,,,,
68,NC_FL,3A,31,1,67.66,0.0007,0.003,0.0023,,,,,,,,,,,,,,,,,,
68,NC_FL,3B,,,,,,,,,,,,,,,,,,,,,,,,
68,NC_FL,4A,,,,,,,,,,,,,,,,,,,,,,,,
68,NC_FL,4B,,,,,,,,,,,,,,,,,,,,,,,,
68,NC_FL,5A,,,,,,,,,,,,,,,,,,,,,,,,
68,NC_FL,5B,,,,,,,,,,,,,,,,,,,,,,,,
68,NC_FL,6A,,,,,,,,,,,,,,,,,,,,,,,,
68,NC_FL,6B,,,,,,,,,,,,,,,,,,,,,,,,
68,NC_FL,7A,,,,,,,,,,,,,,,,,,,,,,,,
68,NC_FL,7B,,,,,,,,,,,,,,,,,,,,,,,,
68,NC_FL,8A,,,,,,,,,,,,,,,,,,,,,,,,
68,NC_FL,8B,,,,,,,,,,,,,,,,,,,,,,,,
68,NC_FL,9A,,,,,,,,,,,,,,,,,,,,,,,,
68,NC_FL,9B,,,,,,,,,,,,,,,,,,,,,,,,
68,NC_FL,10A,,,,,,,,,,,,,,,,,,,,,,,,
68,NC_FL,10B,,,,,,,,,,,,,,,,,,,,,,,,
69,FL_FL,1A,19,14,105.56,0.0007,0.0033,0.0026,,,,,,,,,,,,,,,,,,
69,FL_FL,1B,,,,,,,,,,,,,,,,,,,,,,,,
69,FL_FL,2A,24,5,23.81,0.0001,0.0019,0.0018,,,,,,,,,,,,,,,,,,
69,FL_FL,2B,,,,,,,,,,,,,,,,,,,,,,,,
69,FL_FL,3A,,,,,,,,,,,,,,,,,,,,,,,,
69,FL_FL,3B,,,,,,,,,,,,,,,,,,,,,,,,
69,FL_FL,4A,,,,,,,,,,,,,,,,,,,,,,,,
69,FL_FL,4B,,,,,,,,,,,,,,,,,,,,,,,,
69,FL_FL,5A,,,,,,,,,,,,,,,,,,,,,,,,
69,FL_FL,5B,,,,,,,,,,,,,,,,,,,,,,,,
69,FL_FL,6A,13,9,155.08,0.0014,0.0047,0.0033,,,,,,,,,,,,,,,,,,
69,FL_FL,6B,,,,,,,,,,,,,,,,,,,,,,,,
69,FL_FL,7A,,,,,,,,,,,,,,,,,,,,,,,,
69,FL_FL,7B,,,,,,,,,,,,,,,,,,,,,,,,
69,FL_FL,8A,,,,,,,,,,,,,,,,,,,,,,,,
69,FL_FL,8B,,,,,,,,,,,,,,,,,,,,,,,,
69,FL_FL,9A,,,,,,,,,,,,,,,,,,,,,,,,
69,FL_FL,9B,,,,,,,,,,,,,,,,,,,,,,,,
69,FL_FL,10A,,,,,,,,,,,,,,,,,,,,,,,,
69,FL_FL,10B,,,,,,,,,,,,,,,,,,,,,,,,
70,NC_NC,1A,,,,,,,,,,,,,,,,,,,,,,,,
70,NC_NC,1B,,,,,,,,,,,,,,,,,,,,,,,,
70,NC_NC,2A,,,,,,,,,,,,,,,,,,,,,,,,
70,NC_NC,2B,,,,,,,,,,,,,,,,,,,,,,,,
70,NC_NC,3A,,,,,,,,,,,,,,,,,,,,,,,,
70,NC_NC,3B,,,,,,,,,,,,,,,,,,,,,,,,
70,NC_NC,4A,,,,,,,,,,,,,,,,,,,,,,,,
70,NC_NC,4B,,,,,,,,,,,,,,,,,,,,,,,,
70,NC_NC,5A,,,,,,,,,,,,,,,,,,,,,,,,
70,NC_NC,5B,,,,,,,,,,,,,,,,,,,,,,,,
70,NC_NC,6A,,,,,,,,,,,,,,,,,,,,,,,,
70,NC_NC,6B,,,,,,,,,,,,,,,,,,,,,,,,
70,NC_NC,7A,13,3,142.3,0.0011,0.005,0.0039,,,,,,,,,,,,,,,,,,
70,NC_NC,7B,,,,,,,,,,,,,,,,,,,,,,,,
70,NC_NC,8A,,,,,,,,,,,,,,,,,,,,,,,,
70,NC_NC,8B,,,,,,,,,,,,,,,,,,,,,,,,
70,NC_NC,9A,,,,,,,,,,,,,,,,,,,,,,,,
70,NC_NC,9B,,,,,,,,,,,,,,,,,,,,,,,,
70,NC_NC,10A,,,,,,,,,,,,,,,,,,,,,,,,
70,NC_NC,10B,,,,,,,,,,,,,,,,,,,,,,,,
71,NC_NC,1A,,,,,,,,,,,,,,,,,,,,,,,,
71,NC_NC,1B,,,,,,,,,,,,,,,,,,,,,,,,
71,NC_NC,2A,,,,,,,,,,,,,,,,,,,,,,,,
71,NC_NC,2B,,,,,,,,,,,,,,,,,,,,,,,,
71,NC_NC,3A,,,,,,,,,,,,,,,,,,,,,,,,
71,NC_NC,3B,,,,,,,,,,,,,,,,,,,,,,,,
71,NC_NC,4A,,,,,,,,,,,,,,,,,,,,,,,,
71,NC_NC,4B,,,,,,,,,,,,,,,,,,,,,,,,
71,NC_NC,5A,32,5,25.42,0.0004,0.0022,0.0018,,,,,,,,,,,,,,,,,,
71,NC_NC,5B,,,,,,,,,,,,,,,,,,,,,,,,
71,NC_NC,6A,,,,,,,,,,,,,,,,,,,,,,,,
71,NC_NC,6B,,,,,,,,,,,,,,,,,,,,,,,,
71,NC_NC,7A,,,,,,,,,,,,,,,,,,,,,,,,
71,NC_NC,7B,,,,,,,,,,,,,,,,,,,,,,,,
71,NC_NC,8A,27,5,124.19,0.0008,0.0033,0.0025,root broke apart during measuring,,,,,,,,,,,,,,,,,
71,NC_NC,8B,,,,,,,,,,,,,,,,,,,,,,,,
71,NC_NC,9A,,,,,,,,,,,,,,,,,,,,,,,,
71,NC_NC,9B,,,,,,,,,,,,,,,,,,,,,,,,
71,NC_NC,10A,,,,,,,,,,,,,,,,,,,,,,,,
71,NC_NC,10B,,,,,,,,,,,,,,,,,,,,,,,,
72,FL_NC,1A,,,,,,,,,,,,,,,,,,,,,,,,
72,FL_NC,1B,,,,,,,,,,,,,,,,,,,,,,,,
72,FL_NC,2A,,,,,,,,,,,,,,,,,,,,,,,,
72,FL_NC,2B,,,,,,,,,,,,,,,,,,,,,,,,
72,FL_NC,3A,,,,,,,,,,,,,,,,,,,,,,,,
72,FL_NC,3B,,,,,,,,,,,,,,,,,,,,,,,,
72,FL_NC,4A,22,1,71.63,0.0003,0.0026,0.0023,,,,,,,,,,,,,,,,,,
72,FL_NC,4B,,,,,,,,,,,,,,,,,,,,,,,,
72,FL_NC,5A,,,,,,,,,,,,,,,,,,,,,,,,
72,FL_NC,5B,,,,,,,,,,,,,,,,,,,,,,,,
72,FL_NC,6A,31,8,3.76,0.0001,0.0013,0.0012,,,,,,,,,,,,,,,,,,
72,FL_NC,6B,,,,,,,,,,,,,,,,,,,,,,,,
72,FL_NC,7A,,,,,,,,,,,,,,,,,,,,,,,,
72,FL_NC,7B,,,,,,,,,,,,,,,,,,,,,,,,
72,FL_NC,8A,,,,,,,,,,,,,,,,,,,,,,,,
72,FL_NC,8B,,,,,,,,,,,,,,,,,,,,,,,,
72,FL_NC,9A,14,3,91.55,0.0011,0.0064,0.0053,,,,,,,,,,,,,,,,,,
72,FL_NC,9B,22,5,84.41,0.0006,0.0037,0.0031,,,,,,,,,,,,,,,,,,
72,FL_NC,10A,29,5,,,,,germ not found,,,,,,,,,,,,,,,,,
72,FL_NC,10B,,,,,,,,,,,,,,,,,,,,,,,,
73,FL_NC,1A,,,,,,,,,,,,,,,,,,,,,,,,
73,FL_NC,1B,,,,,,,,,,,,,,,,,,,,,,,,
73,FL_NC,2A,,,,,,,,,,,,,,,,,,,,,,,,
73,FL_NC,2B,,,,,,,,,,,,,,,,,,,,,,,,
73,FL_NC,3A,,,,,,,,,,,,,,,,,,,,,,,,
73,FL_NC,3B,,,,,,,,,,,,,,,,,,,,,,,,
73,FL_NC,4A,32,4,34.61,0.0005,0.0023,0.0018,,,,,,,,,,,,,,,,,,
73,FL_NC,4B,,,,,,,,,,,,,,,,,,,,,,,,
73,FL_NC,5A,36,8,,,,,germ not found,,,,,,,,,,,,,,,,,
73,FL_NC,5B,,,,,,,,,,,,,,,,,,,,,,,,
73,FL_NC,6A,,,,,,,,,,,,,,,,,,,,,,,,
73,FL_NC,6B,,,,,,,,,,,,,,,,,,,,,,,,
73,FL_NC,7A,27,3,79.12,0,0.0033,0.0033,no roots,,,,,,,,,,,,,,,,,
73,FL_NC,7B,,,,,,,,,,,,,,,,,,,,,,,,
73,FL_NC,8A,,,,,,,,,,,,,,,,,,,,,,,,
73,FL_NC,8B,,,,,,,,,,,,,,,,,,,,,,,,
73,FL_NC,9A,,,,,,,,,,,,,,,,,,,,,,,,
73,FL_NC,9B,,,,,,,,,,,,,,,,,,,,,,,,
73,FL_NC,10A,,,,,,,,,,,,,,,,,,,,,,,,
73,FL_NC,10B,,,,,,,,,,,,,,,,,,,,,,,,
74,CON_NC,1A,,,,,,,,,,,,,,,,,,,,,,,,
74,CON_NC,1B,,,,,,,,,,,,,,,,,,,,,,,,
74,CON_NC,2A,,,,,,,,,,,,,,,,,,,,,,,,
74,CON_NC,2B,,,,,,,,,,,,,,,,,,,,,,,,
74,CON_NC,3A,,,,,,,,,,,,,,,,,,,,,,,,
74,CON_NC,3B,,,,,,,,,,,,,,,,,,,,,,,,
74,CON_NC,4A,,,,,,,,,,,,,,,,,,,,,,,,
74,CON_NC,4B,,,,,,,,,,,,,,,,,,,,,,,,
74,CON_NC,5A,,,,,,,,,,,,,,,,,,,,,,,,
74,CON_NC,5B,,,,,,,,,,,,,,,,,,,,,,,,
74,CON_NC,6A,,,,,,,,,,,,,,,,,,,,,,,,
74,CON_NC,6B,,,,,,,,,,,,,,,,,,,,,,,,
74,CON_NC,7A,,,,,,,,,,,,,,,,,,,,,,,,
74,CON_NC,7B,,,,,,,,,,,,,,,,,,,,,,,,
74,CON_NC,8A,,,,,,,,,,,,,,,,,,,,,,,,
74,CON_NC,8B,,,,,,,,,,,,,,,,,,,,,,,,
74,CON_NC,9A,26,3,22.28,0.0002,0.0025,0.0023,,,,,,,,,,,,,,,,,,
74,CON_NC,9B,,,,,,,,,,,,,,,,,,,,,,,,
74,CON_NC,10A,,,,,,,,,,,,,,,,,,,,,,,,
74,CON_NC,10B,,,,,,,,,,,,,,,,,,,,,,,,
75,CON_FL,1A,,,,,,,,,,,,,,,,,,,,,,,,
75,CON_FL,1B,,,,,,,,,,,,,,,,,,,,,,,,
75,CON_FL,2A,,,,,,,,,,,,,,,,,,,,,,,,
75,CON_FL,2B,,,,,,,,,,,,,,,,,,,,,,,,
75,CON_FL,3A,19,12,64.09,0.0021,0.004,0.0019,,,,,,,,,,,,,,,,,,
75,CON_FL,3B,,,,,,,,,,,,,,,,,,,,,,,,
75,CON_FL,4A,,,,,,,,,,,,,,,,,,,,,,,,
75,CON_FL,4B,,,,,,,,,,,,,,,,,,,,,,,,
75,CON_FL,5A,,,,,,,,,,,,,,,,,,,,,,,,
75,CON_FL,5B,,,,,,,,,,,,,,,,,,,,,,,,
75,CON_FL,6A,,,,,,,,,,,,,,,,,,,,,,,,
75,CON_FL,6B,,,,,,,,,,,,,,,,,,,,,,,,
75,CON_FL,7A,27,5,93.47,0.0007,0.0035,0.0028,,,,,,,,,,,,,,,,,,
75,CON_FL,7B,,,,,,,,,,,,,,,,,,,,,,,,
75,CON_FL,8A,,,,,,,,,,,,,,,,,,,,,,,,
75,CON_FL,8B,,,,,,,,,,,,,,,,,,,,,,,,
75,CON_FL,9A,,,,,,,,,,,,,,,,,,,,,,,,
75,CON_FL,9B,,,,,,,,,,,,,,,,,,,,,,,,
75,CON_FL,10A,,,,,,,,,,,,,,,,,,,,,,,,
75,CON_FL,10B,,,,,,,,,,,,,,,,,,,,,,,,
76,NC_FL,1A,14,4,130.83,0.0006,0.0041,0.0035,,,,,,,,,,,,,,,,,,
76,NC_FL,1B,,,,,,,,,,,,,,,,,,,,,,,,
76,NC_FL,2A,,,,,,,,,,,,,,,,,,,,,,,,
76,NC_FL,2B,,,,,,,,,,,,,,,,,,,,,,,,
76,NC_FL,3A,,,,,,,,,,,,,,,,,,,,,,,,
76,NC_FL,3B,,,,,,,,,,,,,,,,,,,,,,,,
76,NC_FL,4A,14,5,112.02,0.0011,0.0054,0.0043,,,,,,,,,,,,,,,,,,
76,NC_FL,4B,,,,,,,,,,,,,,,,,,,,,,,,
76,NC_FL,5A,,,,,,,,,,,,,,,,,,,,,,,,
76,NC_FL,5B,,,,,,,,,,,,,,,,,,,,,,,,
76,NC_FL,6A,,,,,,,,,,,,,,,,,,,,,,,,
76,NC_FL,6B,,,,,,,,,,,,,,,,,,,,,,,,
76,NC_FL,7A,,,,,,,,,,,,,,,,,,,,,,,,
76,NC_FL,7B,,,,,,,,,,,,,,,,,,,,,,,,
76,NC_FL,8A,,,,,,,,,,,,,,,,,,,,,,,,
76,NC_FL,8B,,,,,,,,,,,,,,,,,,,,,,,,
76,NC_FL,9A,,,,,,,,,,,,,,,,,,,,,,,,
76,NC_FL,9B,,,,,,,,,,,,,,,,,,,,,,,,
76,NC_FL,10A,,,,,,,,,,,,,,,,,,,,,,,,
76,NC_FL,10B,,,,,,,,,,,,,,,,,,,,,,,,
77,NC_NC,1A,,,,,,,"germinated, but date unknown",,,,,,,,,,,,,,,,,
77,NC_NC,1B,,,,,,,,,,,,,,,,,,,,,,,,
77,NC_NC,2A,,,,,,,,,,,,,,,,,,,,,,,,
77,NC_NC,2B,,,,,,,,,,,,,,,,,,,,,,,,
77,NC_NC,3A,26,4,47.67,0.0005,0.0017,0.0012,,,,,,,,,,,,,,,,,,
77,NC_NC,3B,,,,,,,,,,,,,,,,,,,,,,,,
77,NC_NC,4A,,,,,,,,,,,,,,,,,,,,,,,,
77,NC_NC,4B,,,,,,,,,,,,,,,,,,,,,,,,
77,NC_NC,5A,,,,,,,,,,,,,,,,,,,,,,,,
77,NC_NC,5B,,,,,,,,,,,,,,,,,,,,,,,,
77,NC_NC,6A,,,,,,,,,,,,,,,,,,,,,,,,
77,NC_NC,6B,,,,,,,,,,,,,,,,,,,,,,,,
77,NC_NC,7A,,,,,,,,,,,,,,,,,,,,,,,,
77,NC_NC,7B,,,,,,,,,,,,,,,,,,,,,,,,
77,NC_NC,8A,,,,,,,,,,,,,,,,,,,,,,,,
77,NC_NC,8B,,,,,,,,,,,,,,,,,,,,,,,,
77,NC_NC,9A,,,,,,,,,,,,,,,,,,,,,,,,
77,NC_NC,9B,,,,,,,,,,,,,,,,,,,,,,,,
77,NC_NC,10A,24,8,84.27,0.0007,0.0027,0.002,,,,,,,,,,,,,,,,,,
77,NC_NC,10B,,,78.8,0.0006,0.0031,0.0025,,,,,,,,,,,,,,,,,,
78,NC_NC,1A,13,4,90.35,0.0002,0.0032,0.003,,,,,,,,,,,,,,,,,,
78,NC_NC,1B,,,,,,,,,,,,,,,,,,,,,,,,
78,NC_NC,2A,,,,,,,,,,,,,,,,,,,,,,,,
78,NC_NC,2B,,,,,,,,,,,,,,,,,,,,,,,,
78,NC_NC,3A,22,9,72.21,0.0014,0.0016,0.0002,,,,,,,,,,,,,,,,,,
78,NC_NC,3B,,,,,,,,,,,,,,,,,,,,,,,,
78,NC_NC,4A,,,125.52,0.0011,0.0035,0.0024,,,,,,,,,,,,,,,,,,
78,NC_NC,4B,,,,,,,,,,,,,,,,,,,,,,,,
78,NC_NC,5A,13,5,,,,,germ not found,,,,,,,,,,,,,,,,,
78,NC_NC,5B,,,,,,,,,,,,,,,,,,,,,,,,
78,NC_NC,6A,22,11,56.52,0.0006,0.0033,0.0027,,,,,,,,,,,,,,,,,,
78,NC_NC,6B,,,,,,,,,,,,,,,,,,,,,,,,
78,NC_NC,7A,33,6,37.87,1E-04,0.0021,0.002,,,,,,,,,,,,,,,,,,
78,NC_NC,7B,,,,,,,,,,,,,,,,,,,,,,,,
78,NC_NC,8A,26,5,58.89,0.0003,0.0018,0.0015,,,,,,,,,,,,,,,,,,
78,NC_NC,8B,,,,,,,,,,,,,,,,,,,,,,,,
78,NC_NC,9A,,,,,,,,,,,,,,,,,,,,,,,,
78,NC_NC,9B,,,,,,,,,,,,,,,,,,,,,,,,
78,NC_NC,10A,,,,,,,,,,,,,,,,,,,,,,,,
78,NC_NC,10B,,,,,,,,,,,,,,,,,,,,,,,,
79,NC_FL,1A,14,6,129.45,0.0013,0.0061,0.0048,,,,,,,,,,,,,,,,,,
79,NC_FL,1B,,,,,,,,,,,,,,,,,,,,,,,,
79,NC_FL,2A,29,5,16.92,0.0003,0.0022,0.0019,,,,,,,,,,,,,,,,,,
79,NC_FL,2B,,,,,,,,,,,,,,,,,,,,,,,,
79,NC_FL,3A,,,,,,,,,,,,,,,,,,,,,,,,
79,NC_FL,3B,,,,,,,,,,,,,,,,,,,,,,,,
79,NC_FL,4A,,,,,,,,,,,,,,,,,,,,,,,,
79,NC_FL,4B,,,,,,,,,,,,,,,,,,,,,,,,
79,NC_FL,5A,,,,,,,,,,,,,,,,,,,,,,,,
79,NC_FL,5B,,,,,,,,,,,,,,,,,,,,,,,,
79,NC_FL,6A,,,,,,,,,,,,,,,,,,,,,,,,
79,NC_FL,6B,,,,,,,,,,,,,,,,,,,,,,,,
79,NC_FL,7A,,,,,,,,,,,,,,,,,,,,,,,,
79,NC_FL,7B,,,,,,,,,,,,,,,,,,,,,,,,
79,NC_FL,8A,,,,,,,,,,,,,,,,,,,,,,,,
79,NC_FL,8B,,,,,,,,,,,,,,,,,,,,,,,,
79,NC_FL,9A,,,,,,,,,,,,,,,,,,,,,,,,
79,NC_FL,9B,,,,,,,,,,,,,,,,,,,,,,,,
79,NC_FL,10A,,,,,,,,,,,,,,,,,,,,,,,,
79,NC_FL,10B,,,,,,,,,,,,,,,,,,,,,,,,
80,FL_FL,1A,37,6,67.62,0.0016,0.0018,0.0002,,,,,,,,,,,,,,,,,,
80,FL_FL,1B,,,,,,,,,,,,,,,,,,,,,,,,
80,FL_FL,2A,,,,,,,,,,,,,,,,,,,,,,,,
80,FL_FL,2B,,,,,,,,,,,,,,,,,,,,,,,,
80,FL_FL,3A,14,3,60.67,0.0003,0.0073,0.007,,,,,,,,,,,,,,,,,,
80,FL_FL,3B,,,,,,,,,,,,,,,,,,,,,,,,
80,FL_FL,4A,,,,,,,,,,,,,,,,,,,,,,,,
80,FL_FL,4B,,,,,,,,,,,,,,,,,,,,,,,,
80,FL_FL,5A,,,,,,,,,,,,,,,,,,,,,,,,
80,FL_FL,5B,,,,,,,,,,,,,,,,,,,,,,,,
80,FL_FL,6A,,,,,,,,,,,,,,,,,,,,,,,,
80,FL_FL,6B,,,,,,,,,,,,,,,,,,,,,,,,
80,FL_FL,7A,,,,,,,,,,,,,,,,,,,,,,,,
80,FL_FL,7B,,,,,,,,,,,,,,,,,,,,,,,,
80,FL_FL,8A,12,3,59.89,0.0001,0.0027,0.0026,,,,,,,,,,,,,,,,,,
80,FL_FL,8B,,,,,,,,,,,,,,,,,,,,,,,,
80,FL_FL,9A,,,,,,,,,,,,,,,,,,,,,,,,
80,FL_FL,9B,,,,,,,,,,,,,,,,,,,,,,,,
80,FL_FL,10A,,,,,,,,,,,,,,,,,,,,,,,,
80,FL_FL,10B,,,,,,,,,,,,,,,,,,,,,,,,
81,CON_NC,1A,32,6,102.62,0.0005,0.0018,0.0013,,,,,,,,,,,,,,,,,,
81,CON_NC,1B,,,,,,,,,,,,,,,,,,,,,,,,
81,CON_NC,2A,36,9,28,0.0005,0.0017,0.0012,,,,,,,,,,,,,,,,,,
81,CON_NC,2B,,,,,,,,,,,,,,,,,,,,,,,,
81,CON_NC,3A,13,3,121.96,0.0022,0.0057,0.0035,,,,,,,,,,,,,,,,,,
81,CON_NC,3B,25,4,67.24,0.0004,0.0028,0.0024,,,,,,,,,,,,,,,,,,
81,CON_NC,4A,,,,,,,,,,,,,,,,,,,,,,,,
81,CON_NC,4B,,,,,,,,,,,,,,,,,,,,,,,,
81,CON_NC,5A,,,,,,,,,,,,,,,,,,,,,,,,
81,CON_NC,5B,,,,,,,,,,,,,,,,,,,,,,,,
81,CON_NC,6A,,,,,,,,,,,,,,,,,,,,,,,,
81,CON_NC,6B,,,,,,,,,,,,,,,,,,,,,,,,
81,CON_NC,7A,12,8,152.58,0.0025,0.0067,0.0042,,,,,,,,,,,,,,,,,,
81,CON_NC,7B,,,,,,,,,,,,,,,,,,,,,,,,
81,CON_NC,8A,,,,,,,,,,,,,,,,,,,,,,,,
81,CON_NC,8B,,,,,,,,,,,,,,,,,,,,,,,,
81,CON_NC,9A,,,,,,,,,,,,,,,,,,,,,,,,
81,CON_NC,9B,,,,,,,,,,,,,,,,,,,,,,,,
81,CON_NC,10A,,,,,,,,,,,,,,,,,,,,,,,,
81,CON_NC,10B,,,,,,,,,,,,,,,,,,,,,,,,
82,NC_NC,1A,,,,,,,,,,,,,,,,,,,,,,,,
82,NC_NC,1B,,,,,,,,,,,,,,,,,,,,,,,,
82,NC_NC,2A,,,,,,,,,,,,,,,,,,,,,,,,
82,NC_NC,2B,,,,,,,,,,,,,,,,,,,,,,,,
82,NC_NC,3A,,,,,,,,,,,,,,,,,,,,,,,,
82,NC_NC,3B,,,,,,,,,,,,,,,,,,,,,,,,
82,NC_NC,4A,,,,,,,,,,,,,,,,,,,,,,,,
82,NC_NC,4B,,,,,,,,,,,,,,,,,,,,,,,,
82,NC_NC,5A,,,,,,,,,,,,,,,,,,,,,,,,
82,NC_NC,5B,,,,,,,,,,,,,,,,,,,,,,,,
82,NC_NC,6A,,,,,,,,,,,,,,,,,,,,,,,,
82,NC_NC,6B,,,,,,,,,,,,,,,,,,,,,,,,
82,NC_NC,7A,,,,,,,,,,,,,,,,,,,,,,,,
82,NC_NC,7B,,,,,,,,,,,,,,,,,,,,,,,,
82,NC_NC,8A,34,7,,0.0006,0.0034,0.0028,,,,,,,,,,,,,,,,,,
82,NC_NC,8B,,,,,,,,,,,,,,,,,,,,,,,,
82,NC_NC,9A,,,,,,,,,,,,,,,,,,,,,,,,
82,NC_NC,9B,,,,,,,,,,,,,,,,,,,,,,,,
82,NC_NC,10A,,,,,,,,,,,,,,,,,,,,,,,,
82,NC_NC,10B,,,,,,,,,,,,,,,,,,,,,,,,
83,FL_FL,1A,,,,,,,,,,,,,,,,,,,,,,,,
83,FL_FL,1B,,,,,,,,,,,,,,,,,,,,,,,,
83,FL_FL,2A,,,,,,,,,,,,,,,,,,,,,,,,
83,FL_FL,2B,,,,,,,,,,,,,,,,,,,,,,,,
83,FL_FL,3A,,,,,,,,,,,,,,,,,,,,,,,,
83,FL_FL,3B,,,,,,,,,,,,,,,,,,,,,,,,
83,FL_FL,4A,,,,,,,,,,,,,,,,,,,,,,,,
83,FL_FL,4B,,,,,,,,,,,,,,,,,,,,,,,,
83,FL_FL,5A,,,,,,,,,,,,,,,,,,,,,,,,
83,FL_FL,5B,,,,,,,,,,,,,,,,,,,,,,,,
83,FL_FL,6A,,,,,,,,,,,,,,,,,,,,,,,,
83,FL_FL,6B,,,,,,,,,,,,,,,,,,,,,,,,
83,FL_FL,7A,,,,,,,,,,,,,,,,,,,,,,,,
83,FL_FL,7B,,,,,,,,,,,,,,,,,,,,,,,,
83,FL_FL,8A,,,,,,,,,,,,,,,,,,,,,,,,
83,FL_FL,8B,,,,,,,,,,,,,,,,,,,,,,,,
83,FL_FL,9A,,,,,,,,,,,,,,,,,,,,,,,,
83,FL_FL,9B,,,,,,,,,,,,,,,,,,,,,,,,
83,FL_FL,10A,,,,,,,,,,,,,,,,,,,,,,,,
83,FL_FL,10B,,,,,,,,,,,,,,,,,,,,,,,,
84,NC_NC,1A,,,,,,,,,,,,,,,,,,,,,,,,
84,NC_NC,1B,,,,,,,,,,,,,,,,,,,,,,,,
84,NC_NC,2A,,,,,,,,,,,,,,,,,,,,,,,,
84,NC_NC,2B,,,,,,,,,,,,,,,,,,,,,,,,
84,NC_NC,3A,,,,,,,,,,,,,,,,,,,,,,,,
84,NC_NC,3B,,,,,,,,,,,,,,,,,,,,,,,,
84,NC_NC,4A,,,,,,,,,,,,,,,,,,,,,,,,
84,NC_NC,4B,,,,,,,,,,,,,,,,,,,,,,,,
84,NC_NC,5A,,,,,,,,,,,,,,,,,,,,,,,,
84,NC_NC,5B,,,,,,,,,,,,,,,,,,,,,,,,
84,NC_NC,6A,,,,,,,,,,,,,,,,,,,,,,,,
84,NC_NC,6B,,,,,,,,,,,,,,,,,,,,,,,,
84,NC_NC,7A,,,,,,,,,,,,,,,,,,,,,,,,
84,NC_NC,7B,,,,,,,,,,,,,,,,,,,,,,,,
84,NC_NC,8A,,,,,,,,,,,,,,,,,,,,,,,,
84,NC_NC,8B,,,,,,,,,,,,,,,,,,,,,,,,
84,NC_NC,9A,,,,,,,,,,,,,,,,,,,,,,,,
84,NC_NC,9B,,,,,,,,,,,,,,,,,,,,,,,,
84,NC_NC,10A,,,,,,,,,,,,,,,,,,,,,,,,
84,NC_NC,10B,,,,,,,,,,,,,,,,,,,,,,,,
85,FL_NC,1A,,,,,,,,,,,,,,,,,,,,,,,,
85,FL_NC,1B,,,,,,,,,,,,,,,,,,,,,,,,
85,FL_NC,2A,,,,,,,,,,,,,,,,,,,,,,,,
85,FL_NC,2B,,,,,,,,,,,,,,,,,,,,,,,,
85,FL_NC,3A,22,5,22.57,0.0006,0.0022,0.0016,,,,,,,,,,,,,,,,,,
85,FL_NC,3B,,,,,,,,,,,,,,,,,,,,,,,,
85,FL_NC,4A,,,,,,,,,,,,,,,,,,,,,,,,
85,FL_NC,4B,,,,,,,,,,,,,,,,,,,,,,,,
85,FL_NC,5A,,,,,,,,,,,,,,,,,,,,,,,,
85,FL_NC,5B,,,,,,,,,,,,,,,,,,,,,,,,
85,FL_NC,6A,27,4,91.83,0.0014,0.0032,0.0018,,,,,,,,,,,,,,,,,,
85,FL_NC,6B,,,,,,,,,,,,,,,,,,,,,,,,
85,FL_NC,7A,,,,,,,,,,,,,,,,,,,,,,,,
85,FL_NC,7B,,,,,,,,,,,,,,,,,,,,,,,,
85,FL_NC,8A,,,,,,,,,,,,,,,,,,,,,,,,
85,FL_NC,8B,,,,,,,,,,,,,,,,,,,,,,,,
85,FL_NC,9A,,,,,,,,,,,,,,,,,,,,,,,,
85,FL_NC,9B,,,,,,,,,,,,,,,,,,,,,,,,
85,FL_NC,10A,,,,,,,,,,,,,,,,,,,,,,,,
85,FL_NC,10B,,,,,,,,,,,,,,,,,,,,,,,,
86,NC_FL,1A,,,,,,,,,,,,,,,,,,,,,,,,
86,NC_FL,1B,,,,,,,,,,,,,,,,,,,,,,,,
86,NC_FL,2A,,,,,,,,,,,,,,,,,,,,,,,,
86,NC_FL,2B,,,,,,,,,,,,,,,,,,,,,,,,
86,NC_FL,3A,,,,,,,,,,,,,,,,,,,,,,,,
86,NC_FL,3B,,,,,,,,,,,,,,,,,,,,,,,,
86,NC_FL,4A,,,,,,,,,,,,,,,,,,,,,,,,
86,NC_FL,4B,,,,,,,,,,,,,,,,,,,,,,,,
86,NC_FL,5A,,,,,,,,,,,,,,,,,,,,,,,,
86,NC_FL,5B,,,,,,,,,,,,,,,,,,,,,,,,
86,NC_FL,6A,,,,,,,,,,,,,,,,,,,,,,,,
86,NC_FL,6B,,,,,,,,,,,,,,,,,,,,,,,,
86,NC_FL,7A,,,,,,,,,,,,,,,,,,,,,,,,
86,NC_FL,7B,,,,,,,,,,,,,,,,,,,,,,,,
86,NC_FL,8A,,,,,,,,,,,,,,,,,,,,,,,,
86,NC_FL,8B,,,,,,,,,,,,,,,,,,,,,,,,
86,NC_FL,9A,,,,,,,,,,,,,,,,,,,,,,,,
86,NC_FL,9B,,,,,,,,,,,,,,,,,,,,,,,,
86,NC_FL,10A,,,,,,,,,,,,,,,,,,,,,,,,
86,NC_FL,10B,,,,,,,,,,,,,,,,,,,,,,,,
87,CON_NC,1A,,,,,,,,,,,,,,,,,,,,,,,,
87,CON_NC,1B,,,,,,,,,,,,,,,,,,,,,,,,
87,CON_NC,2A,,,,,,,,,,,,,,,,,,,,,,,,
87,CON_NC,2B,,,,,,,,,,,,,,,,,,,,,,,,
87,CON_NC,3A,22,12,82.54,0.0009,0.0039,0.003,,,,,,,,,,,,,,,,,,
87,CON_NC,3B,,,,,,,,,,,,,,,,,,,,,,,,
87,CON_NC,4A,,,,,,,,,,,,,,,,,,,,,,,,
87,CON_NC,4B,,,,,,,,,,,,,,,,,,,,,,,,
87,CON_NC,5A,,,,,,,,,,,,,,,,,,,,,,,,
87,CON_NC,5B,,,,,,,,,,,,,,,,,,,,,,,,
87,CON_NC,6A,,,,,,,,,,,,,,,,,,,,,,,,
87,CON_NC,6B,,,,,,,,,,,,,,,,,,,,,,,,
87,CON_NC,7A,13,8,126.41,0.0013,0.0037,0.0024,,,,,,,,,,,,,,,,,,
87,CON_NC,7B,,,,,,,,,,,,,,,,,,,,,,,,
87,CON_NC,8A,26,8,69.42,0.0006,0.0035,0.0029,,,,,,,,,,,,,,,,,,
87,CON_NC,8B,,,,,,,,,,,,,,,,,,,,,,,,
87,CON_NC,9A,,,,,,,,,,,,,,,,,,,,,,,,
87,CON_NC,9B,,,,,,,,,,,,,,,,,,,,,,,,
87,CON_NC,10A,,,,,,,,,,,,,,,,,,,,,,,,
87,CON_NC,10B,,,,,,,,,,,,,,,,,,,,,,,,
88,FL_NC,1A,19,4,121.4,0.001,0.0046,0.0036,,,,,,,,,,,,,,,,,,
88,FL_NC,1B,,,,,,,,,,,,,,,,,,,,,,,,
88,FL_NC,2A,19,1,94.26,0.0008,0.005,0.0042,,,,,,,,,,,,,,,,,,
88,FL_NC,2B,,,,,,,,,,,,,,,,,,,,,,,,
88,FL_NC,3A,32,5,52.12,0.0005,0.0021,0.0016,,,,,,,,,,,,,,,,,,
88,FL_NC,3B,,,,,,,,,,,,,,,,,,,,,,,,
88,FL_NC,4A,,,,,,,,,,,,,,,,,,,,,,,,
88,FL_NC,4B,,,,,,,,,,,,,,,,,,,,,,,,
88,FL_NC,5A,20,1,148.97,0.001,0.0039,0.0029,,,,,,,,,,,,,,,,,,
88,FL_NC,5B,,,,,,,,,,,,,,,,,,,,,,,,
88,FL_NC,6A,20,1,99.2,0.0008,0.0034,0.0026,,,,,,,,,,,,,,,,,,
88,FL_NC,6B,,,,,,,,,,,,,,,,,,,,,,,,
88,FL_NC,7A,,,,,,,,,,,,,,,,,,,,,,,,
88,FL_NC,7B,,,,,,,,,,,,,,,,,,,,,,,,
88,FL_NC,8A,20,2,95.69,0.001,0.0043,0.0033,,,,,,,,,,,,,,,,,,
88,FL_NC,8B,,,,,,,,,,,,,,,,,,,,,,,,
88,FL_NC,9A,,,,,,,,,,,,,,,,,,,,,,,,
88,FL_NC,9B,,,,,,,,,,,,,,,,,,,,,,,,
88,FL_NC,10A,,,,,,,,,,,,,,,,,,,,,,,,
88,FL_NC,10B,,,,,,,,,,,,,,,,,,,,,,,,
89,NC_FL,1A,,,,,,,,,,,,,,,,,,,,,,,,
89,NC_FL,1B,,,,,,,,,,,,,,,,,,,,,,,,
89,NC_FL,2A,,,,,,,,,,,,,,,,,,,,,,,,
89,NC_FL,2B,,,,,,,,,,,,,,,,,,,,,,,,
89,NC_FL,3A,,,,,,,,,,,,,,,,,,,,,,,,
89,NC_FL,3B,,,,,,,,,,,,,,,,,,,,,,,,
89,NC_FL,4A,20,6,111.95,0.0014,0.0059,0.0045,,,,,,,,,,,,,,,,,,
89,NC_FL,4B,,,,,,,,,,,,,,,,,,,,,,,,
89,NC_FL,5A,,,,,,,,,,,,,,,,,,,,,,,,
89,NC_FL,5B,,,,,,,,,,,,,,,,,,,,,,,,
89,NC_FL,6A,,,,,,,,,,,,,,,,,,,,,,,,
89,NC_FL,6B,,,,,,,,,,,,,,,,,,,,,,,,
89,NC_FL,7A,,,,,,,,,,,,,,,,,,,,,,,,
89,NC_FL,7B,,,,,,,,,,,,,,,,,,,,,,,,
89,NC_FL,8A,,,,,,,,,,,,,,,,,,,,,,,,
89,NC_FL,8B,,,,,,,,,,,,,,,,,,,,,,,,
89,NC_FL,9A,13,11,129.39,0.0013,0.0063,0.005,,,,,,,,,,,,,,,,,,
89,NC_FL,9B,,,,,,,,,,,,,,,,,,,,,,,,
89,NC_FL,10A,,,,,,,,,,,,,,,,,,,,,,,,
89,NC_FL,10B,,,,,,,,,,,,,,,,,,,,,,,,
90,NC_NC,1A,,,,,,,,,,,,,,,,,,,,,,,,
90,NC_NC,1B,,,,,,,,,,,,,,,,,,,,,,,,
90,NC_NC,2A,,,,,,,,,,,,,,,,,,,,,,,,
90,NC_NC,2B,,,,,,,,,,,,,,,,,,,,,,,,
90,NC_NC,3A,,,,,,,,,,,,,,,,,,,,,,,,
90,NC_NC,3B,,,,,,,,,,,,,,,,,,,,,,,,
90,NC_NC,4A,,,,,,,,,,,,,,,,,,,,,,,,
90,NC_NC,4B,,,,,,,,,,,,,,,,,,,,,,,,
90,NC_NC,5A,22,5,140.68,0.0016,0.0047,0.0031,,,,,,,,,,,,,,,,,,
90,NC_NC,5B,,,,,,,,,,,,,,,,,,,,,,,,
90,NC_NC,6A,34,6,40.16,0.0004,0.0019,0.0015,,,,,,,,,,,,,,,,,,
90,NC_NC,6B,,,,,,,,,,,,,,,,,,,,,,,,
90,NC_NC,7A,20,3,123.46,0.0008,0.0032,0.0024,,,,,,,,,,,,,,,,,,
90,NC_NC,7B,,,,,,,,,,,,,,,,,,,,,,,,
90,NC_NC,8A,,,,,,,,,,,,,,,,,,,,,,,,
90,NC_NC,8B,,,,,,,,,,,,,,,,,,,,,,,,
90,NC_NC,9A,,,,,,,,,,,,,,,,,,,,,,,,
90,NC_NC,9B,,,,,,,,,,,,,,,,,,,,,,,,
90,NC_NC,10A,,,,,,,,,,,,,,,,,,,,,,,,
90,NC_NC,10B,,,,,,,,,,,,,,,,,,,,,,,,
91,FL_FL,1A,,,,,,,,,,,,,,,,,,,,,,,,
91,FL_FL,1B,,,,,,,,,,,,,,,,,,,,,,,,
91,FL_FL,2A,27,2,35.13,1E-04,0.0017,0.0016,,,,,,,,,,,,,,,,,,
91,FL_FL,2B,,,,,,,,,,,,,,,,,,,,,,,,
91,FL_FL,3A,,,,,,,,,,,,,,,,,,,,,,,,
91,FL_FL,3B,,,,,,,,,,,,,,,,,,,,,,,,
91,FL_FL,4A,,,,,,,,,,,,,,,,,,,,,,,,
91,FL_FL,4B,,,,,,,,,,,,,,,,,,,,,,,,
91,FL_FL,5A,,,,,,,,,,,,,,,,,,,,,,,,
91,FL_FL,5B,,,,,,,,,,,,,,,,,,,,,,,,
91,FL_FL,6A,,,,,,,,,,,,,,,,,,,,,,,,
91,FL_FL,6B,,,,,,,,,,,,,,,,,,,,,,,,
91,FL_FL,7A,,,,,,,,,,,,,,,,,,,,,,,,
91,FL_FL,7B,,,,,,,,,,,,,,,,,,,,,,,,
91,FL_FL,8A,9.5,19,103.69,0.0013,0.0057,0.0044,,,,,,,,,,,,,,,,,,
91,FL_FL,8B,14,3,132.77,0.0014,0.0076,0.0062,,,,,,,,,,,,,,,,,,
91,FL_FL,9A,,,,,,,,,,,,,,,,,,,,,,,,
91,FL_FL,9B,,,,,,,,,,,,,,,,,,,,,,,,
91,FL_FL,10A,14,6,113.49,0.0002,0.0046,0.0044,,,,,,,,,,,,,,,,,,
91,FL_FL,10B,,,,,,,,,,,,,,,,,,,,,,,,
92,NC_FL,1A,,,,,,,,,,,,,,,,,,,,,,,,
92,NC_FL,1B,,,,,,,,,,,,,,,,,,,,,,,,
92,NC_FL,2A,,,,,,,,,,,,,,,,,,,,,,,,
92,NC_FL,2B,,,,,,,,,,,,,,,,,,,,,,,,
92,NC_FL,3A,,,,,,,,,,,,,,,,,,,,,,,,
92,NC_FL,3B,,,,,,,,,,,,,,,,,,,,,,,,
92,NC_FL,4A,,,,,,,,,,,,,,,,,,,,,,,,
92,NC_FL,4B,,,,,,,,,,,,,,,,,,,,,,,,
92,NC_FL,5A,,,,,,,,,,,,,,,,,,,,,,,,
92,NC_FL,5B,,,,,,,,,,,,,,,,,,,,,,,,
92,NC_FL,6A,22,4,110.32,0.0013,0.0046,0.0033,,,,,,,,,,,,,,,,,,
92,NC_FL,6B,,,,,,,,,,,,,,,,,,,,,,,,
92,NC_FL,7A,,,,,,,,,,,,,,,,,,,,,,,,
92,NC_FL,7B,,,,,,,,,,,,,,,,,,,,,,,,
92,NC_FL,8A,,,,,,,,,,,,,,,,,,,,,,,,
92,NC_FL,8B,,,,,,,,,,,,,,,,,,,,,,,,
92,NC_FL,9A,,,,,,,,,,,,,,,,,,,,,,,,
92,NC_FL,9B,,,,,,,,,,,,,,,,,,,,,,,,
92,NC_FL,10A,,,,,,,,,,,,,,,,,,,,,,,,
92,NC_FL,10B,,,,,,,,,,,,,,,,,,,,,,,,
93,FL_FL,1A,,,,,,,,,,,,,,,,,,,,,,,,
93,FL_FL,1B,,,,,,,,,,,,,,,,,,,,,,,,
93,FL_FL,2A,,,,,,,,,,,,,,,,,,,,,,,,
93,FL_FL,2B,,,,,,,,,,,,,,,,,,,,,,,,
93,FL_FL,3A,,,,,,,,,,,,,,,,,,,,,,,,
93,FL_FL,3B,,,,,,,,,,,,,,,,,,,,,,,,
93,FL_FL,4A,,,,,,,,,,,,,,,,,,,,,,,,
93,FL_FL,4B,,,,,,,,,,,,,,,,,,,,,,,,
93,FL_FL,5A,,,,,,,,,,,,,,,,,,,,,,,,
93,FL_FL,5B,,,,,,,,,,,,,,,,,,,,,,,,
93,FL_FL,6A,,,,,,,,,,,,,,,,,,,,,,,,
93,FL_FL,6B,,,,,,,,,,,,,,,,,,,,,,,,
93,FL_FL,7A,,,,,,,,,,,,,,,,,,,,,,,,
93,FL_FL,7B,,,,,,,,,,,,,,,,,,,,,,,,
93,FL_FL,8A,,,,,,,,,,,,,,,,,,,,,,,,
93,FL_FL,8B,,,,,,,,,,,,,,,,,,,,,,,,
93,FL_FL,9A,,,,,,,,,,,,,,,,,,,,,,,,
93,FL_FL,9B,,,,,,,,,,,,,,,,,,,,,,,,
93,FL_FL,10A,12,2,113.02,0.001,0.0043,0.0033,,,,,,,,,,,,,,,,,,
93,FL_FL,10B,,,,,,,,,,,,,,,,,,,,,,,,
94,FL_NC,1A,33,4,39.94,0.0004,0.0023,0.0019,,,,,,,,,,,,,,,,,,
94,FL_NC,1B,,,,,,,,,,,,,,,,,,,,,,,,
94,FL_NC,2A,,,,,,,,,,,,,,,,,,,,,,,,
94,FL_NC,2B,,,,,,,,,,,,,,,,,,,,,,,,
94,FL_NC,3A,32,7,40.95,0.0004,0.0028,0.0024,,,,,,,,,,,,,,,,,,
94,FL_NC,3B,,,,,,,,,,,,,,,,,,,,,,,,
94,FL_NC,4A,20,5,122.49,0.0012,0.0044,0.0032,,,,,,,,,,,,,,,,,,
94,FL_NC,4B,,,,,,,,,,,,,,,,,,,,,,,,
94,FL_NC,5A,,,,,,,,,,,,,,,,,,,,,,,,
94,FL_NC,5B,,,,,,,,,,,,,,,,,,,,,,,,
94,FL_NC,6A,,,,,,,,,,,,,,,,,,,,,,,,
94,FL_NC,6B,,,,,,,,,,,,,,,,,,,,,,,,
94,FL_NC,7A,,,,,,,,,,,,,,,,,,,,,,,,
94,FL_NC,7B,,,,,,,,,,,,,,,,,,,,,,,,
94,FL_NC,8A,,,,,,,,,,,,,,,,,,,,,,,,
94,FL_NC,8B,,,,,,,,,,,,,,,,,,,,,,,,
94,FL_NC,9A,,,,,,,,,,,,,,,,,,,,,,,,
94,FL_NC,9B,,,,,,,,,,,,,,,,,,,,,,,,
94,FL_NC,10A,,,,,,,,,,,,,,,,,,,,,,,,
94,FL_NC,10B,,,,,,,,,,,,,,,,,,,,,,,,
95,FL_NC,1A,,,,,,,,,,,,,,,,,,,,,,,,
95,FL_NC,1B,,,,,,,,,,,,,,,,,,,,,,,,
95,FL_NC,2A,25,7,92.83,0.0007,0.0043,0.0036,,,,,,,,,,,,,,,,,,
95,FL_NC,2B,,,,,,,,,,,,,,,,,,,,,,,,
95,FL_NC,3A,,,,,,,,,,,,,,,,,,,,,,,,
95,FL_NC,3B,,,,,,,,,,,,,,,,,,,,,,,,
95,FL_NC,4A,31,8,57.63,0.0003,0.002,0.0017,,,,,,,,,,,,,,,,,,
95,FL_NC,4B,,,,,,,,,,,,,,,,,,,,,,,,
95,FL_NC,5A,,,,,,,,,,,,,,,,,,,,,,,,
95,FL_NC,5B,,,,,,,,,,,,,,,,,,,,,,,,
95,FL_NC,6A,,,,,,,,,,,,,,,,,,,,,,,,
95,FL_NC,6B,,,,,,,,,,,,,,,,,,,,,,,,
95,FL_NC,7A,,,,,,,,,,,,,,,,,,,,,,,,
95,FL_NC,7B,,,,,,,,,,,,,,,,,,,,,,,,
95,FL_NC,8A,,,,,,,,,,,,,,,,,,,,,,,,
95,FL_NC,8B,,,,,,,,,,,,,,,,,,,,,,,,
95,FL_NC,9A,,,,,,,,,,,,,,,,,,,,,,,,
95,FL_NC,9B,,,,,,,,,,,,,,,,,,,,,,,,
95,FL_NC,10A,13,8,151.69,0.0016,0.0059,0.0043,,,,,,,,,,,,,,,,,,
95,FL_NC,10B,19,5,130.92,0.0013,0.005,0.0037,,,,,,,,,,,,,,,,,,
96,NC_NC,1A,,,,,,,,,,,,,,,,,,,,,,,,
96,NC_NC,1B,,,,,,,,,,,,,,,,,,,,,,,,
96,NC_NC,2A,,,,,,,,,,,,,,,,,,,,,,,,
96,NC_NC,2B,,,,,,,,,,,,,,,,,,,,,,,,
96,NC_NC,3A,,,,,,,,,,,,,,,,,,,,,,,,
96,NC_NC,3B,,,,,,,,,,,,,,,,,,,,,,,,
96,NC_NC,4A,30,6,65.78,0.0009,0.0026,0.0017,,,,,,,,,,,,,,,,,,
96,NC_NC,4B,,,,,,,,,,,,,,,,,,,,,,,,
96,NC_NC,5A,26,5,88.65,0.0008,0.003,0.0022,,,,,,,,,,,,,,,,,,
96,NC_NC,5B,,,,,,,,,,,,,,,,,,,,,,,,
96,NC_NC,6A,,,,,,,,,,,,,,,,,,,,,,,,
96,NC_NC,6B,,,,,,,,,,,,,,,,,,,,,,,,
96,NC_NC,7A,,,,,,,,,,,,,,,,,,,,,,,,
96,NC_NC,7B,,,,,,,,,,,,,,,,,,,,,,,,
96,NC_NC,8A,,,,,,,,,,,,,,,,,,,,,,,,
96,NC_NC,8B,,,,,,,,,,,,,,,,,,,,,,,,
96,NC_NC,9A,,,,,,,,,,,,,,,,,,,,,,,,
96,NC_NC,9B,,,,,,,,,,,,,,,,,,,,,,,,
96,NC_NC,10A,,,,,,,,,,,,,,,,,,,,,,,,
96,NC_NC,10B,,,,,,,,,,,,,,,,,,,,,,,,
97,CON_FL,1A,,,,,,,,,,,,,,,,,,,,,,,,
97,CON_FL,1B,,,,,,,,,,,,,,,,,,,,,,,,
97,CON_FL,2A,34,19,19.29,0.0003,0.0024,0.0021,,,,,,,,,,,,,,,,,,
97,CON_FL,2B,,,,,,,,,,,,,,,,,,,,,,,,
97,CON_FL,3A,,,,,,,,,,,,,,,,,,,,,,,,
97,CON_FL,3B,,,,,,,,,,,,,,,,,,,,,,,,
97,CON_FL,4A,,,,,,,,,,,,,,,,,,,,,,,,
97,CON_FL,4B,,,,,,,,,,,,,,,,,,,,,,,,
97,CON_FL,5A,,,,,,,,,,,,,,,,,,,,,,,,
97,CON_FL,5B,,,,,,,,,,,,,,,,,,,,,,,,
97,CON_FL,6A,13,9,75.76,0.0017,0.0066,0.0049,,,,,,,,,,,,,,,,,,
97,CON_FL,6B,,,,,,,,,,,,,,,,,,,,,,,,
97,CON_FL,7A,,,,,,,,,,,,,,,,,,,,,,,,
97,CON_FL,7B,,,,,,,,,,,,,,,,,,,,,,,,
97,CON_FL,8A,,,,,,,,,,,,,,,,,,,,,,,,
97,CON_FL,8B,,,,,,,,,,,,,,,,,,,,,,,,
97,CON_FL,9A,,,,,,,,,,,,,,,,,,,,,,,,
97,CON_FL,9B,,,,,,,,,,,,,,,,,,,,,,,,
97,CON_FL,10A,19,6,104.08,0.0014,0.0058,0.0044,,,,,,,,,,,,,,,,,,
97,CON_FL,10B,,,,,,,,,,,,,,,,,,,,,,,,
98,NC_NC,1A,,,,,,,,,,,,,,,,,,,,,,,,
98,NC_NC,1B,,,,,,,,,,,,,,,,,,,,,,,,
98,NC_NC,2A,,,,,,,,,,,,,,,,,,,,,,,,
98,NC_NC,2B,,,,,,,,,,,,,,,,,,,,,,,,
98,NC_NC,3A,,,,,,,,,,,,,,,,,,,,,,,,
98,NC_NC,3B,,,,,,,,,,,,,,,,,,,,,,,,
98,NC_NC,4A,,,,,,,,,,,,,,,,,,,,,,,,
98,NC_NC,4B,,,,,,,,,,,,,,,,,,,,,,,,
98,NC_NC,5A,,,,,,,,,,,,,,,,,,,,,,,,
98,NC_NC,5B,,,,,,,,,,,,,,,,,,,,,,,,
98,NC_NC,6A,,,,,,,,,,,,,,,,,,,,,,,,
98,NC_NC,6B,,,,,,,,,,,,,,,,,,,,,,,,
98,NC_NC,7A,,,,,,,,,,,,,,,,,,,,,,,,
98,NC_NC,7B,,,,,,,,,,,,,,,,,,,,,,,,
98,NC_NC,8A,,,,,,,,,,,,,,,,,,,,,,,,
98,NC_NC,8B,,,,,,,,,,,,,,,,,,,,,,,,
98,NC_NC,9A,,,,,,,,,,,,,,,,,,,,,,,,
98,NC_NC,9B,,,,,,,,,,,,,,,,,,,,,,,,
98,NC_NC,10A,,,,,,,,,,,,,,,,,,,,,,,,
98,NC_NC,10B,,,,,,,,,,,,,,,,,,,,,,,,
99,NC_NC,1A,,,,,,,,,,,,,,,,,,,,,,,,
99,NC_NC,1B,,,,,,,,,,,,,,,,,,,,,,,,
99,NC_NC,2A,,,,,,,,,,,,,,,,,,,,,,,,
99,NC_NC,2B,,,,,,,,,,,,,,,,,,,,,,,,
99,NC_NC,3A,22,3,52.54,0.0006,0.0027,0.0021,,,,,,,,,,,,,,,,,,
99,NC_NC,3B,,,,,,,,,,,,,,,,,,,,,,,,
99,NC_NC,4A,31,6,16.21,0.0004,0.0017,0.0013,,,,,,,,,,,,,,,,,,
99,NC_NC,4B,,,,,,,,,,,,,,,,,,,,,,,,
99,NC_NC,5A,,,,,,,,,,,,,,,,,,,,,,,,
99,NC_NC,5B,,,,,,,,,,,,,,,,,,,,,,,,
99,NC_NC,6A,,,,,,,,,,,,,,,,,,,,,,,,
99,NC_NC,6B,,,,,,,,,,,,,,,,,,,,,,,,
99,NC_NC,7A,,,,,,,,,,,,,,,,,,,,,,,,
99,NC_NC,7B,,,,,,,,,,,,,,,,,,,,,,,,
99,NC_NC,8A,,,,,,,,,,,,,,,,,,,,,,,,
99,NC_NC,8B,,,,,,,,,,,,,,,,,,,,,,,,
99,NC_NC,9A,,,,,,,,,,,,,,,,,,,,,,,,
99,NC_NC,9B,,,,,,,,,,,,,,,,,,,,,,,,
99,NC_NC,10A,22,4,50.26,0.003,0.0054,0.0024,,,,,,,,,,,,,,,,,,
99,NC_NC,10B,,,,,,,,,,,,,,,,,,,,,,,,
100,FL_FL,1A,,,,,,,,,,,,,,,,,,,,,,,,
100,FL_FL,1B,,,,,,,,,,,,,,,,,,,,,,,,
100,FL_FL,2A,,,,,,,,,,,,,,,,,,,,,,,,
100,FL_FL,2B,,,,,,,,,,,,,,,,,,,,,,,,
100,FL_FL,3A,,,,,,,,,,,,,,,,,,,,,,,,
100,FL_FL,3B,,,,,,,,,,,,,,,,,,,,,,,,
100,FL_FL,4A,,,,,,,,,,,,,,,,,,,,,,,,
100,FL_FL,4B,,,,,,,,,,,,,,,,,,,,,,,,
100,FL_FL,5A,,,,,,,,,,,,,,,,,,,,,,,,
100,FL_FL,5B,,,,,,,,,,,,,,,,,,,,,,,,
100,FL_FL,6A,,,,,,,,,,,,,,,,,,,,,,,,
100,FL_FL,6B,,,,,,,,,,,,,,,,,,,,,,,,
100,FL_FL,7A,,,,,,,,,,,,,,,,,,,,,,,,
100,FL_FL,7B,,,,,,,,,,,,,,,,,,,,,,,,
100,FL_FL,8A,,,,,,,,,,,,,,,,,,,,,,,,
100,FL_FL,8B,,,,,,,,,,,,,,,,,,,,,,,,
100,FL_FL,9A,19,4,70.29,0.0007,0.0037,0.003,,,,,,,,,,,,,,,,,,
100,FL_FL,9B,32,18,20.83,0.0005,0.0027,0.0022,,,,,,,,,,,,,,,,,,
100,FL_FL,10A,,,,,,,,,,,,,,,,,,,,,,,,
100,FL_FL,10B,,,,,,,,,,,,,,,,,,,,,,,,
101,NC_FL,1A,37,10,32.48,0.0002,0.0036,0.0034,,,,,,,,,,,,,,,,,,
101,NC_FL,1B,,,,,,,,,,,,,,,,,,,,,,,,
101,NC_FL,2A,,,,,,,,,,,,,,,,,,,,,,,,
101,NC_FL,2B,,,,,,,,,,,,,,,,,,,,,,,,
101,NC_FL,3A,,,,,,,,,,,,,,,,,,,,,,,,
101,NC_FL,3B,,,,,,,,,,,,,,,,,,,,,,,,
101,NC_FL,4A,,,,,,,,,,,,,,,,,,,,,,,,
101,NC_FL,4B,,,,,,,,,,,,,,,,,,,,,,,,
101,NC_FL,5A,27,8,87.13,0.0006,0.0029,0.0023,,,,,,,,,,,,,,,,,,
101,NC_FL,5B,,,,,,,,,,,,,,,,,,,,,,,,
101,NC_FL,6A,,,,,,,,,,,,,,,,,,,,,,,,
101,NC_FL,6B,,,,,,,,,,,,,,,,,,,,,,,,
101,NC_FL,7A,,,,,,,,,,,,,,,,,,,,,,,,
101,NC_FL,7B,,,,,,,,,,,,,,,,,,,,,,,,
101,NC_FL,8A,,,,,,,,,,,,,,,,,,,,,,,,
101,NC_FL,8B,,,,,,,,,,,,,,,,,,,,,,,,
101,NC_FL,9A,,,,,,,,,,,,,,,,,,,,,,,,
101,NC_FL,9B,,,,,,,,,,,,,,,,,,,,,,,,
101,NC_FL,10A,,,,,,,,,,,,,,,,,,,,,,,,
101,NC_FL,10B,,,,,,,,,,,,,,,,,,,,,,,,
102,FL_NC,1A,,,,,,,,,,,,,,,,,,,,,,,,
102,FL_NC,1B,,,,,,,,,,,,,,,,,,,,,,,,
102,FL_NC,2A,,,,,,,,,,,,,,,,,,,,,,,,
102,FL_NC,2B,,,,,,,,,,,,,,,,,,,,,,,,
102,FL_NC,3A,,,,,,,,,,,,,,,,,,,,,,,,
102,FL_NC,3B,,,,,,,,,,,,,,,,,,,,,,,,
102,FL_NC,4A,,,,,,,,,,,,,,,,,,,,,,,,
102,FL_NC,4B,,,,,,,,,,,,,,,,,,,,,,,,
102,FL_NC,5A,,,,,,,,,,,,,,,,,,,,,,,,
102,FL_NC,5B,,,,,,,,,,,,,,,,,,,,,,,,
102,FL_NC,6A,,,,,,,,,,,,,,,,,,,,,,,,
102,FL_NC,6B,,,,,,,,,,,,,,,,,,,,,,,,
102,FL_NC,7A,,,,,,,,,,,,,,,,,,,,,,,,
102,FL_NC,7B,,,,,,,,,,,,,,,,,,,,,,,,
102,FL_NC,8A,,,,,,,,,,,,,,,,,,,,,,,,
102,FL_NC,8B,,,,,,,,,,,,,,,,,,,,,,,,
102,FL_NC,9A,,,,,,,,,,,,,,,,,,,,,,,,
102,FL_NC,9B,,,,,,,,,,,,,,,,,,,,,,,,
102,FL_NC,10A,,,,,,,,,,,,,,,,,,,,,,,,
102,FL_NC,10B,,,,,,,,,,,,,,,,,,,,,,,,
103,CON_FL,1A,,,,,,,,,,,,,,,,,,,,,,,,
103,CON_FL,1B,,,,,,,,,,,,,,,,,,,,,,,,
103,CON_FL,2A,,,,,,,,,,,,,,,,,,,,,,,,
103,CON_FL,2B,,,,,,,,,,,,,,,,,,,,,,,,
103,CON_FL,3A,,,,,,,,,,,,,,,,,,,,,,,,
103,CON_FL,3B,,,,,,,,,,,,,,,,,,,,,,,,
103,CON_FL,4A,,,,,,,,,,,,,,,,,,,,,,,,
103,CON_FL,4B,,,,,,,,,,,,,,,,,,,,,,,,
103,CON_FL,5A,,,,,,,,,,,,,,,,,,,,,,,,
103,CON_FL,5B,,,,,,,,,,,,,,,,,,,,,,,,
103,CON_FL,6A,,,,,,,,,,,,,,,,,,,,,,,,
103,CON_FL,6B,,,,,,,,,,,,,,,,,,,,,,,,
103,CON_FL,7A,,,,,,,,,,,,,,,,,,,,,,,,
103,CON_FL,7B,,,,,,,,,,,,,,,,,,,,,,,,
103,CON_FL,8A,,,,,,,,,,,,,,,,,,,,,,,,
103,CON_FL,8B,,,,,,,,,,,,,,,,,,,,,,,,
103,CON_FL,9A,,,,,,,,,,,,,,,,,,,,,,,,
103,CON_FL,9B,,,,,,,,,,,,,,,,,,,,,,,,
103,CON_FL,10A,,,,,,,,,,,,,,,,,,,,,,,,
103,CON_FL,10B,,,,,,,,,,,,,,,,,,,,,,,,
104,CON_FL,1A,,,,,,,,,,,,,,,,,,,,,,,,
104,CON_FL,1B,,,,,,,,,,,,,,,,,,,,,,,,
104,CON_FL,2A,,,,,,,,,,,,,,,,,,,,,,,,
104,CON_FL,2B,,,,,,,,,,,,,,,,,,,,,,,,
104,CON_FL,3A,,,,,,,,,,,,,,,,,,,,,,,,
104,CON_FL,3B,,,,,,,,,,,,,,,,,,,,,,,,
104,CON_FL,4A,,,,,,,,,,,,,,,,,,,,,,,,
104,CON_FL,4B,,,,,,,,,,,,,,,,,,,,,,,,
104,CON_FL,5A,,,,,,,,,,,,,,,,,,,,,,,,
104,CON_FL,5B,,,,,,,,,,,,,,,,,,,,,,,,
104,CON_FL,6A,,,,,,,,,,,,,,,,,,,,,,,,
104,CON_FL,6B,,,,,,,,,,,,,,,,,,,,,,,,
104,CON_FL,7A,,,,,,,,,,,,,,,,,,,,,,,,
104,CON_FL,7B,,,,,,,,,,,,,,,,,,,,,,,,
104,CON_FL,8A,,,,,,,,,,,,,,,,,,,,,,,,
104,CON_FL,8B,,,,,,,,,,,,,,,,,,,,,,,,
104,CON_FL,9A,,,,,,,,,,,,,,,,,,,,,,,,
104,CON_FL,9B,,,,,,,,,,,,,,,,,,,,,,,,
104,CON_FL,10A,,,,,,,,,,,,,,,,,,,,,,,,
104,CON_FL,10B,,,,,,,,,,,,,,,,,,,,,,,,
105,FL_NC,1A,,,,,,,,,,,,,,,,,,,,,,,,
105,FL_NC,1B,,,,,,,,,,,,,,,,,,,,,,,,
105,FL_NC,2A,,,,,,,,,,,,,,,,,,,,,,,,
105,FL_NC,2B,,,,,,,,,,,,,,,,,,,,,,,,
105,FL_NC,3A,,,,,,,,,,,,,,,,,,,,,,,,
105,FL_NC,3B,,,,,,,,,,,,,,,,,,,,,,,,
105,FL_NC,4A,,,,,,,,,,,,,,,,,,,,,,,,
105,FL_NC,4B,,,,,,,,,,,,,,,,,,,,,,,,
105,FL_NC,5A,,,,,,,,,,,,,,,,,,,,,,,,
105,FL_NC,5B,,,,,,,,,,,,,,,,,,,,,,,,
105,FL_NC,6A,,,,,,,,,,,,,,,,,,,,,,,,
105,FL_NC,6B,,,,,,,,,,,,,,,,,,,,,,,,
105,FL_NC,7A,,,,,,,,,,,,,,,,,,,,,,,,
105,FL_NC,7B,,,,,,,,,,,,,,,,,,,,,,,,
105,FL_NC,8A,,,,,,,,,,,,,,,,,,,,,,,,
105,FL_NC,8B,,,,,,,,,,,,,,,,,,,,,,,,
105,FL_NC,9A,,,,,,,,,,,,,,,,,,,,,,,,
105,FL_NC,9B,,,,,,,,,,,,,,,,,,,,,,,,
105,FL_NC,10A,,,,,,,,,,,,,,,,,,,,,,,,
105,FL_NC,10B,,,,,,,,,,,,,,,,,,,,,,,,
106,CON_NC,1A,,,,,,,,,,,,,,,,,,,,,,,,
106,CON_NC,1B,,,,,,,,,,,,,,,,,,,,,,,,
106,CON_NC,2A,,,,,,,,,,,,,,,,,,,,,,,,
106,CON_NC,2B,,,,,,,,,,,,,,,,,,,,,,,,
106,CON_NC,3A,30,3,42.24,0.0005,0.0014,0.0009,,,,,,,,,,,,,,,,,,
106,CON_NC,3B,,,,,,,,,,,,,,,,,,,,,,,,
106,CON_NC,4A,,,,,,,,,,,,,,,,,,,,,,,,
106,CON_NC,4B,,,,,,,,,,,,,,,,,,,,,,,,
106,CON_NC,5A,,,,,,,,,,,,,,,,,,,,,,,,
106,CON_NC,5B,,,,,,,,,,,,,,,,,,,,,,,,
106,CON_NC,6A,32,3,39.86,0.0004,0.0025,0.0021,,,,,,,,,,,,,,,,,,
106,CON_NC,6B,,,,,,,,,,,,,,,,,,,,,,,,
106,CON_NC,7A,,,,,,,,,,,,,,,,,,,,,,,,
106,CON_NC,7B,,,,,,,,,,,,,,,,,,,,,,,,
106,CON_NC,8A,,,,,,,,,,,,,,,,,,,,,,,,
106,CON_NC,8B,,,,,,,,,,,,,,,,,,,,,,,,
106,CON_NC,9A,,,,,,,,,,,,,,,,,,,,,,,,
106,CON_NC,9B,,,,,,,,,,,,,,,,,,,,,,,,
106,CON_NC,10A,,,,,,,,,,,,,,,,,,,,,,,,
106,CON_NC,10B,,,,,,,,,,,,,,,,,,,,,,,,
107,CON_FL,1A,,,,,,,,,,,,,,,,,,,,,,,,
107,CON_FL,1B,,,,,,,,,,,,,,,,,,,,,,,,
107,CON_FL,2A,,,,,,,,,,,,,,,,,,,,,,,,
107,CON_FL,2B,,,,,,,,,,,,,,,,,,,,,,,,
107,CON_FL,3A,,,,,,,,,,,,,,,,,,,,,,,,
107,CON_FL,3B,,,,,,,,,,,,,,,,,,,,,,,,
107,CON_FL,4A,12,3,96.38,0.0003,0.0028,0.0025,,,,,,,,,,,,,,,,,,
107,CON_FL,4B,,,,,,,,,,,,,,,,,,,,,,,,
107,CON_FL,5A,,,,,,,,,,,,,,,,,,,,,,,,
107,CON_FL,5B,,,,,,,,,,,,,,,,,,,,,,,,
107,CON_FL,6A,13,6,115.82,0.0014,0.0053,0.0039,,,,,,,,,,,,,,,,,,
107,CON_FL,6B,,,,,,,,,,,,,,,,,,,,,,,,
107,CON_FL,7A,,,,,,,,,,,,,,,,,,,,,,,,
107,CON_FL,7B,,,,,,,,,,,,,,,,,,,,,,,,
107,CON_FL,8A,,,,,,,,,,,,,,,,,,,,,,,,
107,CON_FL,8B,,,,,,,,,,,,,,,,,,,,,,,,
107,CON_FL,9A,,,,,,,,,,,,,,,,,,,,,,,,
107,CON_FL,9B,,,,,,,,,,,,,,,,,,,,,,,,
107,CON_FL,10A,,,,,,,,,,,,,,,,,,,,,,,,
107,CON_FL,10B,,,,,,,,,,,,,,,,,,,,,,,,
108,CON_FL,1A,,,,,,,,,,,,,,,,,,,,,,,,
108,CON_FL,1B,,,,,,,,,,,,,,,,,,,,,,,,
108,CON_FL,2A,,,,,,,,,,,,,,,,,,,,,,,,
108,CON_FL,2B,,,,,,,,,,,,,,,,,,,,,,,,
108,CON_FL,3A,,,,,,,,,,,,,,,,,,,,,,,,
108,CON_FL,3B,,,,,,,,,,,,,,,,,,,,,,,,
108,CON_FL,4A,,,,,,,,,,,,,,,,,,,,,,,,
108,CON_FL,4B,,,,,,,,,,,,,,,,,,,,,,,,
108,CON_FL,5A,,,,,,,,,,,,,,,,,,,,,,,,
108,CON_FL,5B,,,,,,,,,,,,,,,,,,,,,,,,
108,CON_FL,6A,,,,,,,,,,,,,,,,,,,,,,,,
108,CON_FL,6B,,,,,,,,,,,,,,,,,,,,,,,,
108,CON_FL,7A,,,,,,,,,,,,,,,,,,,,,,,,
108,CON_FL,7B,,,,,,,,,,,,,,,,,,,,,,,,
108,CON_FL,8A,,,,,,,,,,,,,,,,,,,,,,,,
108,CON_FL,8B,,,,,,,,,,,,,,,,,,,,,,,,
108,CON_FL,9A,,,,,,,,,,,,,,,,,,,,,,,,
108,CON_FL,9B,,,,,,,,,,,,,,,,,,,,,,,,
108,CON_FL,10A,,,,,,,,,,,,,,,,,,,,,,,,
108,CON_FL,10B,,,,,,,,,,,,,,,,,,,,,,,,
109,CON_NC,1A,,,,,,,,,,,,,,,,,,,,,,,,
109,CON_NC,1B,,,,,,,,,,,,,,,,,,,,,,,,
109,CON_NC,2A,,,,,,,,,,,,,,,,,,,,,,,,
109,CON_NC,2B,,,,,,,,,,,,,,,,,,,,,,,,
109,CON_NC,3A,,,,,,,,,,,,,,,,,,,,,,,,
109,CON_NC,3B,,,,,,,,,,,,,,,,,,,,,,,,
109,CON_NC,4A,,,,,,,,,,,,,,,,,,,,,,,,
109,CON_NC,4B,,,,,,,,,,,,,,,,,,,,,,,,
109,CON_NC,5A,,,,,,,,,,,,,,,,,,,,,,,,
109,CON_NC,5B,,,,,,,,,,,,,,,,,,,,,,,,
109,CON_NC,6A,,,,,,,,,,,,,,,,,,,,,,,,
109,CON_NC,6B,,,,,,,,,,,,,,,,,,,,,,,,
109,CON_NC,7A,,,,,,,,,,,,,,,,,,,,,,,,
109,CON_NC,7B,,,,,,,,,,,,,,,,,,,,,,,,
109,CON_NC,8A,,,,,,,,,,,,,,,,,,,,,,,,
109,CON_NC,8B,,,,,,,,,,,,,,,,,,,,,,,,
109,CON_NC,9A,,,,,,,,,,,,,,,,,,,,,,,,
109,CON_NC,9B,,,,,,,,,,,,,,,,,,,,,,,,
109,CON_NC,10A,,,,,,,,,,,,,,,,,,,,,,,,
109,CON_NC,10B,,,,,,,,,,,,,,,,,,,,,,,,
110,CON_NC,1A,36,11,14.51,0.0019,0.003,0.0011,,,,,,,,,,,,,,,,,,
110,CON_NC,1B,,,,,,,,,,,,,,,,,,,,,,,,
110,CON_NC,2A,,,,,,,,,,,,,,,,,,,,,,,,
110,CON_NC,2B,,,,,,,,,,,,,,,,,,,,,,,,
110,CON_NC,3A,37,4,38.91,0.0008,0.0019,0.0011,,,,,,,,,,,,,,,,,,
110,CON_NC,3B,,,,,,,,,,,,,,,,,,,,,,,,
110,CON_NC,4A,,,,,,,,,,,,,,,,,,,,,,,,
110,CON_NC,4B,,,,,,,,,,,,,,,,,,,,,,,,
110,CON_NC,5A,,,,,,,,,,,,,,,,,,,,,,,,
110,CON_NC,5B,,,,,,,,,,,,,,,,,,,,,,,,
110,CON_NC,6A,,,,,,,,,,,,,,,,,,,,,,,,
110,CON_NC,6B,,,,,,,,,,,,,,,,,,,,,,,,
110,CON_NC,7A,,,,,,,,,,,,,,,,,,,,,,,,
110,CON_NC,7B,,,,,,,,,,,,,,,,,,,,,,,,
110,CON_NC,8A,,,,,,,,,,,,,,,,,,,,,,,,
110,CON_NC,8B,,,,,,,,,,,,,,,,,,,,,,,,
110,CON_NC,9A,,,,,,,,,,,,,,,,,,,,,,,,
110,CON_NC,9B,,,,,,,,,,,,,,,,,,,,,,,,
110,CON_NC,10A,31,3,,,,,"no seed capsule, no differentiation between AGB and BGB",,,,,,,,,,,,,,,,,
110,CON_NC,10B,,,,,,,,,,,,,,,,,,,,,,,,
111,NC_NC,1A,,,,,,,,,,,,,,,,,,,,,,,,
111,NC_NC,1B,,,,,,,,,,,,,,,,,,,,,,,,
111,NC_NC,2A,22,6,97.39,0.0013,0.0029,0.0016,,,,,,,,,,,,,,,,,,
111,NC_NC,2B,,,,,,,,,,,,,,,,,,,,,,,,
111,NC_NC,3A,,,,,,,,,,,,,,,,,,,,,,,,
111,NC_NC,3B,,,,,,,,,,,,,,,,,,,,,,,,
111,NC_NC,4A,,,,,,,,,,,,,,,,,,,,,,,,
111,NC_NC,4B,,,,,,,,,,,,,,,,,,,,,,,,
111,NC_NC,5A,,,,,,,,,,,,,,,,,,,,,,,,
111,NC_NC,5B,,,,,,,,,,,,,,,,,,,,,,,,
111,NC_NC,6A,,,,,,,,,,,,,,,,,,,,,,,,
111,NC_NC,6B,,,,,,,,,,,,,,,,,,,,,,,,
111,NC_NC,7A,,,,,,,,,,,,,,,,,,,,,,,,
111,NC_NC,7B,,,,,,,,,,,,,,,,,,,,,,,,
111,NC_NC,8A,22,8,69.81,0.0008,0.0046,0.0038,,,,,,,,,,,,,,,,,,
111,NC_NC,8B,,,,,,,,,,,,,,,,,,,,,,,,
111,NC_NC,9A,,,,,,,,,,,,,,,,,,,,,,,,
111,NC_NC,9B,,,,,,,,,,,,,,,,,,,,,,,,
111,NC_NC,10A,,,,,,,,,,,,,,,,,,,,,,,,
111,NC_NC,10B,,,,,,,,,,,,,,,,,,,,,,,,
112,NC_NC,1A,,,,,,,,,,,,,,,,,,,,,,,,
112,NC_NC,1B,,,,,,,,,,,,,,,,,,,,,,,,
112,NC_NC,2A,,,,,,,,,,,,,,,,,,,,,,,,
112,NC_NC,2B,,,,,,,,,,,,,,,,,,,,,,,,
112,NC_NC,3A,,,,,,,,,,,,,,,,,,,,,,,,
112,NC_NC,3B,,,,,,,,,,,,,,,,,,,,,,,,
112,NC_NC,4A,,,,,,,,,,,,,,,,,,,,,,,,
112,NC_NC,4B,,,,,,,,,,,,,,,,,,,,,,,,
112,NC_NC,5A,19,3,89.14,0.0004,0.0022,0.0018,,,,,,,,,,,,,,,,,,
112,NC_NC,5B,,,,,,,,,,,,,,,,,,,,,,,,
112,NC_NC,6A,,,,,,,,,,,,,,,,,,,,,,,,
112,NC_NC,6B,,,,,,,,,,,,,,,,,,,,,,,,
112,NC_NC,7A,36,4,30.3,0.0003,0.0018,0.0015,,,,,,,,,,,,,,,,,,
112,NC_NC,7B,,,,,,,,,,,,,,,,,,,,,,,,
112,NC_NC,8A,,,,,,,,,,,,,,,,,,,,,,,,
112,NC_NC,8B,,,,,,,,,,,,,,,,,,,,,,,,
112,NC_NC,9A,,,,,,,,,,,,,,,,,,,,,,,,
112,NC_NC,9B,,,,,,,,,,,,,,,,,,,,,,,,
112,NC_NC,10A,,,,,,,,,,,,,,,,,,,,,,,,
112,NC_NC,10B,,,,,,,,,,,,,,,,,,,,,,,,
113,FL_FL,1A,,,,,,,,,,,,,,,,,,,,,,,,
113,FL_FL,1B,,,,,,,,,,,,,,,,,,,,,,,,
113,FL_FL,2A,,,,,,,,,,,,,,,,,,,,,,,,
113,FL_FL,2B,,,,,,,,,,,,,,,,,,,,,,,,
113,FL_FL,3A,,,,,,,,,,,,,,,,,,,,,,,,
113,FL_FL,3B,,,,,,,,,,,,,,,,,,,,,,,,
113,FL_FL,4A,,,,,,,,,,,,,,,,,,,,,,,,
113,FL_FL,4B,,,,,,,,,,,,,,,,,,,,,,,,
113,FL_FL,5A,,,,,,,,,,,,,,,,,,,,,,,,
113,FL_FL,5B,,,,,,,,,,,,,,,,,,,,,,,,
113,FL_FL,6A,,,,,,,,,,,,,,,,,,,,,,,,
113,FL_FL,6B,,,,,,,,,,,,,,,,,,,,,,,,
113,FL_FL,7A,,,,,,,,,,,,,,,,,,,,,,,,
113,FL_FL,7B,,,,,,,,,,,,,,,,,,,,,,,,
113,FL_FL,8A,,,,,,,,,,,,,,,,,,,,,,,,
113,FL_FL,8B,,,,,,,,,,,,,,,,,,,,,,,,
113,FL_FL,9A,13,8,53.23,0.0004,0.0063,0.0059,,,,,,,,,,,,,,,,,,
113,FL_FL,9B,,,,,,,,,,,,,,,,,,,,,,,,
113,FL_FL,10A,,,,,,,,,,,,,,,,,,,,,,,,
113,FL_FL,10B,,,,,,,,,,,,,,,,,,,,,,,,
114,CON_FL,1A,,,,,,,,,,,,,,,,,,,,,,,,
114,CON_FL,1B,,,,,,,,,,,,,,,,,,,,,,,,
114,CON_FL,2A,19,21,133,0.0008,0.0043,0.0035,,,,,,,,,,,,,,,,,,
114,CON_FL,2B,,,,,,,,,,,,,,,,,,,,,,,,
114,CON_FL,3A,,,,,,,,,,,,,,,,,,,,,,,,
114,CON_FL,3B,,,,,,,,,,,,,,,,,,,,,,,,
114,CON_FL,4A,26,4,86.43,0.0004,0.0023,0.0019,,,,,,,,,,,,,,,,,,
114,CON_FL,4B,,,,,,,,,,,,,,,,,,,,,,,,
114,CON_FL,5A,,,,,,,,,,,,,,,,,,,,,,,,
114,CON_FL,5B,,,,,,,,,,,,,,,,,,,,,,,,
114,CON_FL,6A,,,,,,,,,,,,,,,,,,,,,,,,
114,CON_FL,6B,,,,,,,,,,,,,,,,,,,,,,,,
114,CON_FL,7A,22,8,75.96,0.0004,0.0039,0.0035,,,,,,,,,,,,,,,,,,
114,CON_FL,7B,,,,,,,,,,,,,,,,,,,,,,,,
114,CON_FL,8A,,,,,,,,,,,,,,,,,,,,,,,,
114,CON_FL,8B,,,,,,,,,,,,,,,,,,,,,,,,
114,CON_FL,9A,19,6,75.18,0.0006,0.0048,0.0042,,,,,,,,,,,,,,,,,,
114,CON_FL,9B,,,,,,,,,,,,,,,,,,,,,,,,
114,CON_FL,10A,39,4,14.98,0.0001,0.0018,0.0017,,,,,,,,,,,,,,,,,,
114,CON_FL,10B,,,,,,,,,,,,,,,,,,,,,,,,
115,FL_NC,1A,,,,,,,,,,,,,,,,,,,,,,,,
115,FL_NC,1B,,,,,,,,,,,,,,,,,,,,,,,,
115,FL_NC,2A,,,,,,,,,,,,,,,,,,,,,,,,
115,FL_NC,2B,,,,,,,,,,,,,,,,,,,,,,,,
115,FL_NC,3A,,,,,,,,,,,,,,,,,,,,,,,,
115,FL_NC,3B,,,,,,,,,,,,,,,,,,,,,,,,
115,FL_NC,4A,20,3,139.88,0.0008,0.0036,0.0028,,,,,,,,,,,,,,,,,,
115,FL_NC,4B,,,,,,,,,,,,,,,,,,,,,,,,
115,FL_NC,5A,22,9,126.17,0.001,0.0047,0.0037,,,,,,,,,,,,,,,,,,
115,FL_NC,5B,,,,,,,,,,,,,,,,,,,,,,,,
115,FL_NC,6A,,,71.96,0.0006,0.0023,0.0017,,,,,,,,,,,,,,,,,,
115,FL_NC,6B,,,,,,,,,,,,,,,,,,,,,,,,
115,FL_NC,7A,,,,,,,,,,,,,,,,,,,,,,,,
115,FL_NC,7B,,,,,,,,,,,,,,,,,,,,,,,,
115,FL_NC,8A,22,9,83.45,0.001,0.0037,0.0027,,,,,,,,,,,,,,,,,,
115,FL_NC,8B,,,,,,,,,,,,,,,,,,,,,,,,
115,FL_NC,9A,22,10,96.79,0.0008,0.0035,0.0027,,,,,,,,,,,,,,,,,,
115,FL_NC,9B,,,,,,,,,,,,,,,,,,,,,,,,
115,FL_NC,10A,,,,,,,,,,,,,,,,,,,,,,,,
115,FL_NC,10B,,,,,,,,,,,,,,,,,,,,,,,,
116,FL_NC,1A,24,6,57.79,0.0002,0.0025,0.0023,,,,,,,,,,,,,,,,,,
116,FL_NC,1B,,,,,,,,,,,,,,,,,,,,,,,,
116,FL_NC,2A,19,4,72.72,0.0004,0.0037,0.0033,,,,,,,,,,,,,,,,,,
116,FL_NC,2B,,,,,,,,,,,,,,,,,,,,,,,,
116,FL_NC,3A,,,,,,,,,,,,,,,,,,,,,,,,
116,FL_NC,3B,,,,,,,,,,,,,,,,,,,,,,,,
116,FL_NC,4A,,,,,,,,,,,,,,,,,,,,,,,,
116,FL_NC,4B,,,,,,,,,,,,,,,,,,,,,,,,
116,FL_NC,5A,27,6,37.87,0.0002,0.0031,0.0029,,,,,,,,,,,,,,,,,,
116,FL_NC,5B,29,9,31.94,0.0002,0.0015,0.0013,,,,,,,,,,,,,,,,,,
116,FL_NC,6A,,,,,,,,,,,,,,,,,,,,,,,,
116,FL_NC,6B,,,,,,,,,,,,,,,,,,,,,,,,
116,FL_NC,7A,,,,,,,,,,,,,,,,,,,,,,,,
116,FL_NC,7B,,,,,,,,,,,,,,,,,,,,,,,,
116,FL_NC,8A,,,,,,,,,,,,,,,,,,,,,,,,
116,FL_NC,8B,,,,,,,,,,,,,,,,,,,,,,,,
116,FL_NC,9A,,,,,,,,,,,,,,,,,,,,,,,,
116,FL_NC,9B,,,,,,,,,,,,,,,,,,,,,,,,
116,FL_NC,10A,26,5,,,,,germ not found,,,,,,,,,,,,,,,,,
116,FL_NC,10B,,,,,,,,,,,,,,,,,,,,,,,,
117,FL_FL,1A,,,,,,,,,,,,,,,,,,,,,,,,
117,FL_FL,1B,,,,,,,,,,,,,,,,,,,,,,,,
117,FL_FL,2A,,,,,,,,,,,,,,,,,,,,,,,,
117,FL_FL,2B,,,,,,,,,,,,,,,,,,,,,,,,
117,FL_FL,3A,,,,,,,,,,,,,,,,,,,,,,,,
117,FL_FL,3B,,,,,,,,,,,,,,,,,,,,,,,,
117,FL_FL,4A,,,,,,,,,,,,,,,,,,,,,,,,
117,FL_FL,4B,,,,,,,,,,,,,,,,,,,,,,,,
117,FL_FL,5A,,,,,,,,,,,,,,,,,,,,,,,,
117,FL_FL,5B,,,,,,,,,,,,,,,,,,,,,,,,
117,FL_FL,6A,,,,,,,,,,,,,,,,,,,,,,,,
117,FL_FL,6B,,,,,,,,,,,,,,,,,,,,,,,,
117,FL_FL,7A,,,,,,,,,,,,,,,,,,,,,,,,
117,FL_FL,7B,,,,,,,,,,,,,,,,,,,,,,,,
117,FL_FL,8A,,,,,,,,,,,,,,,,,,,,,,,,
117,FL_FL,8B,,,,,,,,,,,,,,,,,,,,,,,,
117,FL_FL,9A,,,,,,,,,,,,,,,,,,,,,,,,
117,FL_FL,9B,,,,,,,,,,,,,,,,,,,,,,,,
117,FL_FL,10A,,,,,,,,,,,,,,,,,,,,,,,,
117,FL_FL,10B,,,,,,,,,,,,,,,,,,,,,,,,
118,NC_FL,1A,,,,,,,,,,,,,,,,,,,,,,,,
118,NC_FL,1B,,,,,,,,,,,,,,,,,,,,,,,,
118,NC_FL,2A,,,,,,,,,,,,,,,,,,,,,,,,
118,NC_FL,2B,,,,,,,,,,,,,,,,,,,,,,,,
118,NC_FL,3A,,,,,,,,,,,,,,,,,,,,,,,,
118,NC_FL,3B,,,,,,,,,,,,,,,,,,,,,,,,
118,NC_FL,4A,,,,,,,,,,,,,,,,,,,,,,,,
118,NC_FL,4B,,,,,,,,,,,,,,,,,,,,,,,,
118,NC_FL,5A,,,,,,,,,,,,,,,,,,,,,,,,
118,NC_FL,5B,,,,,,,,,,,,,,,,,,,,,,,,
118,NC_FL,6A,,,,,,,,,,,,,,,,,,,,,,,,
118,NC_FL,6B,,,,,,,,,,,,,,,,,,,,,,,,
118,NC_FL,7A,,,,,,,,,,,,,,,,,,,,,,,,
118,NC_FL,7B,,,,,,,,,,,,,,,,,,,,,,,,
118,NC_FL,8A,,,,,,,,,,,,,,,,,,,,,,,,
118,NC_FL,8B,,,,,,,,,,,,,,,,,,,,,,,,
118,NC_FL,9A,,,,,,,,,,,,,,,,,,,,,,,,
118,NC_FL,9B,,,,,,,,,,,,,,,,,,,,,,,,
118,NC_FL,10A,,,,,,,,,,,,,,,,,,,,,,,,
118,NC_FL,10B,,,,,,,,,,,,,,,,,,,,,,,,
119,FL_FL,1A,,,,,,,,,,,,,,,,,,,,,,,,
119,FL_FL,1B,,,,,,,,,,,,,,,,,,,,,,,,
119,FL_FL,2A,,,,,,,,,,,,,,,,,,,,,,,,
119,FL_FL,2B,,,,,,,,,,,,,,,,,,,,,,,,
119,FL_FL,3A,,,,,,,,,,,,,,,,,,,,,,,,
119,FL_FL,3B,,,,,,,,,,,,,,,,,,,,,,,,
119,FL_FL,4A,,,,,,,,,,,,,,,,,,,,,,,,
119,FL_FL,4B,,,,,,,,,,,,,,,,,,,,,,,,
119,FL_FL,5A,,,,,,,,,,,,,,,,,,,,,,,,
119,FL_FL,5B,,,,,,,,,,,,,,,,,,,,,,,,
119,FL_FL,6A,,,,,,,,,,,,,,,,,,,,,,,,
119,FL_FL,6B,,,,,,,,,,,,,,,,,,,,,,,,
119,FL_FL,7A,,,,,,,,,,,,,,,,,,,,,,,,
119,FL_FL,7B,,,,,,,,,,,,,,,,,,,,,,,,
119,FL_FL,8A,,,,,,,,,,,,,,,,,,,,,,,,
119,FL_FL,8B,,,,,,,,,,,,,,,,,,,,,,,,
119,FL_FL,9A,,,,,,,,,,,,,,,,,,,,,,,,
119,FL_FL,9B,,,,,,,,,,,,,,,,,,,,,,,,
119,FL_FL,10A,19,14,66.68,0.0004,0.0043,0.0039,,,,,,,,,,,,,,,,,,
119,FL_FL,10B,,,,,,,,,,,,,,,,,,,,,,,,
120,FL_NC,1A,,,,,,,,,,,,,,,,,,,,,,,,
120,FL_NC,1B,,,,,,,,,,,,,,,,,,,,,,,,
120,FL_NC,2A,13,6,119.49,0.0022,0.006,0.0038,,,,,,,,,,,,,,,,,,
120,FL_NC,2B,,,,,,,,,,,,,,,,,,,,,,,,
120,FL_NC,3A,,,,,,,,,,,,,,,,,,,,,,,,
120,FL_NC,3B,,,,,,,,,,,,,,,,,,,,,,,,
120,FL_NC,4A,19,4,125.34,0.0013,0.0056,0.0043,,,,,,,,,,,,,,,,,,
120,FL_NC,4B,,,,,,,,,,,,,,,,,,,,,,,,
120,FL_NC,5A,26,4,98.65,0.0012,0.0049,0.0037,,,,,,,,,,,,,,,,,,
120,FL_NC,5B,27,6,61.34,0.0003,0.002,0.0017,,,,,,,,,,,,,,,,,,
120,FL_NC,6A,,,,,,,,,,,,,,,,,,,,,,,,
120,FL_NC,6B,,,,,,,,,,,,,,,,,,,,,,,,
120,FL_NC,7A,22,5,63.77,0.0002,0.0021,0.0019,,,,,,,,,,,,,,,,,,
120,FL_NC,7B,,,,,,,,,,,,,,,,,,,,,,,,
120,FL_NC,8A,,,,,,,,,,,,,,,,,,,,,,,,
120,FL_NC,8B,,,,,,,,,,,,,,,,,,,,,,,,
120,FL_NC,9A,,,,,,,,,,,,,,,,,,,,,,,,
120,FL_NC,9B,,,,,,,,,,,,,,,,,,,,,,,,
120,FL_NC,10A,,,,,,,,,,,,,,,,,,,,,,,,
120,FL_NC,10B,,,,,,,,,,,,,,,,,,,,,,,,
